Id,Label,Genres,Followers,Popularity,Interval,StaticFollowers,StaticPopularity,
4fxd5Ee7UefO4CUXgwJ7IP,Giveon,"pop","<[0, 0,807813]; [1, 1,814284]; [2, 2,821215]; [3, 3,828483]; [4, 4,835064]; [5, 5,841034]; [6, 6,847509]; [7, 7,853083]; [8, 8,858842]; [9, 9,864390]; [10, 10,870184]; [11, 11,875192]; [12, 12,880317]; [13, 13,885442]; [14, 14,890347]; [15, 15,895823]; [16, 16,900570]; [17, 17,905880]; [18, 18,910758]; [19, 19,915336]; [20, 20,920354]; [21, 21,924900]; [22, 22,929811]; [23, 23,935939]; [24, 24,941116]; [25, 25,946550]; [26, 26,951430]; [27, 27,956317]; [28, 28,961155]; >","<[0, 0,88]; [1, 1,88]; [2, 2,88]; [3, 3,89]; [4, 4,89]; [5, 5,89]; [6, 6,89]; [7, 7,90]; [8, 8,90]; [9, 9,90]; [10, 10,90]; [11, 11,90]; [12, 12,90]; [13, 13,90]; [14, 14,90]; [15, 15,90]; [16, 16,91]; [17, 17,91]; [18, 18,91]; [19, 19,91]; [20, 20,91]; [21, 21,91]; [22, 22,91]; [23, 23,91]; [24, 24,91]; [25, 25,91]; [26, 26,91]; [27, 27,91]; [28, 28,91]; >","<[0,0]; [1,1]; [2,2]; [3,3]; [4,4]; [5,5]; [6,6]; [7,7]; [8,8]; [9,9]; [10,10]; [11,11]; [12,12]; [13,13]; [14,14]; [15,15]; [16,16]; [17,17]; [18,18]; [19,19]; [20,20]; [21,21]; [22,22]; [23,23]; [24,24]; [25,25]; [26,26]; [27,27]; [28,28]; >",961155,91,
1Xyo4u8uXC1ZmMpatF05PJ,The Weeknd,"canadian contemporary r&b,canadian pop,pop","<[0, 0,30336501]; [1, 1,30379102]; [2, 2,30424416]; [3, 3,30468710]; [4, 4,30514746]; [5, 5,30558940]; [6, 6,30558041]; [7, 7,30600542]; [8, 8,30642172]; [9, 9,30682021]; [10, 10,30723455]; [11, 11,30765643]; [12, 12,30804708]; [13, 13,30842793]; [14, 14,30879749]; [15, 15,30919277]; [16, 16,30961925]; [17, 17,31003620]; [18, 18,31045601]; [19, 19,31086163]; [20, 20,31123757]; [21, 21,31161054]; [22, 22,31200316]; [23, 23,31241181]; [24, 24,31280933]; [25, 25,31308207]; [26, 26,31307117]; [27, 27,31348348]; [28, 28,31389338]; >","<[0, 0,98]; [1, 1,98]; [2, 2,98]; [3, 3,98]; [4, 4,98]; [5, 5,98]; [6, 6,98]; [7, 7,97]; [8, 8,97]; [9, 9,97]; [10, 10,97]; [11, 11,97]; [12, 12,97]; [13, 13,97]; [14, 14,97]; [15, 15,97]; [16, 16,97]; [17, 17,96]; [18, 18,96]; [19, 19,96]; [20, 20,96]; [21, 21,96]; [22, 22,96]; [23, 23,96]; [24, 24,96]; [25, 25,96]; [26, 26,96]; [27, 27,96]; [28, 28,96]; >","<[0,0]; [1,1]; [2,2]; [3,3]; [4,4]; [5,5]; [6,6]; [7,7]; [8,8]; [9,9]; [10,10]; [11,11]; [12,12]; [13,13]; [14,14]; [15,15]; [16,16]; [17,17]; [18,18]; [19,19]; [20,20]; [21,21]; [22,22]; [23,23]; [24,24]; [25,25]; [26,26]; [27,27]; [28,28]; >",31389338,96,
1uNFoZAHBGtllmzznpCI3s,Justin Bieber,"canadian pop,pop,post-teen pop","<[0, 0,43755452]; [1, 1,43792244]; [2, 2,43828448]; [3, 3,43867172]; [4, 4,43904206]; [5, 5,43940471]; [6, 6,43972174]; [7, 7,44006817]; [8, 8,44040990]; [9, 9,44074825]; [10, 10,44109696]; [11, 11,44142583]; [12, 12,44175213]; [13, 13,44210215]; [14, 14,44244406]; [15, 15,44276707]; [16, 16,44309916]; [17, 17,44344155]; [18, 18,44378255]; [19, 19,44410543]; [20, 20,44442463]; [21, 21,44473900]; [22, 22,44506520]; [23, 23,44539130]; [24, 24,44573007]; [25, 25,44606973]; [26, 26,44639988]; [27, 27,44672226]; [28, 28,44704375]; >","<[0, 0,98]; [1, 1,99]; [2, 2,99]; [3, 3,99]; [4, 4,99]; [5, 5,100]; [6, 6,100]; [7, 7,100]; [8, 8,100]; [9, 9,100]; [10, 10,100]; [11, 11,100]; [12, 12,100]; [13, 13,100]; [14, 14,100]; [15, 15,100]; [16, 16,100]; [17, 17,100]; [18, 18,100]; [19, 19,100]; [20, 20,100]; [21, 21,100]; [22, 22,100]; [23, 23,100]; [24, 24,100]; [25, 25,100]; [26, 26,100]; [27, 27,100]; [28, 28,100]; >","<[0,0]; [1,1]; [2,2]; [3,3]; [4,4]; [5,5]; [6,6]; [7,7]; [8,8]; [9,9]; [10,10]; [11,11]; [12,12]; [13,13]; [14,14]; [15,15]; [16,16]; [17,17]; [18,18]; [19,19]; [20,20]; [21,21]; [22,22]; [23,23]; [24,24]; [25,25]; [26,26]; [27,27]; [28,28]; >",44704375,100,
4kYSro6naA4h99UJvo89HB,Cardi B,"dance pop,pop,pop rap,rap","<[0, 0,15298653]; [1, 1,15319934]; [2, 2,15341119]; [3, 3,15364270]; [4, 4,15387566]; [5, 5,15409844]; [6, 6,15428586]; [7, 7,15448755]; [8, 8,15469643]; [9, 9,15489177]; [10, 10,15511659]; [11, 11,15531006]; [12, 12,15550093]; [13, 13,15568523]; [14, 14,15585793]; [15, 15,15603889]; [16, 16,15621326]; [17, 17,15640538]; [18, 18,15659542]; [19, 19,15678579]; [20, 20,15696070]; [21, 21,15712901]; [22, 22,15729617]; [23, 23,15745947]; [24, 24,15762250]; [25, 25,15780407]; [26, 26,15796778]; [27, 27,15813726]; [28, 28,15829769]; >","<[0, 0,91]; [1, 1,91]; [2, 2,91]; [3, 3,91]; [4, 4,91]; [5, 5,91]; [6, 6,91]; [7, 7,91]; [8, 8,90]; [9, 9,90]; [10, 10,90]; [11, 11,90]; [12, 12,90]; [13, 13,90]; [14, 14,90]; [15, 15,90]; [16, 16,90]; [17, 17,90]; [18, 18,90]; [19, 19,90]; [20, 20,90]; [21, 21,90]; [22, 22,90]; [23, 23,90]; [24, 24,90]; [25, 25,90]; [26, 26,90]; [27, 27,90]; [28, 28,90]; >","<[0,0]; [1,1]; [2,2]; [3,3]; [4,4]; [5,5]; [6,6]; [7,7]; [8,8]; [9,9]; [10,10]; [11,11]; [12,12]; [13,13]; [14,14]; [15,15]; [16,16]; [17,17]; [18,18]; [19,19]; [20,20]; [21,21]; [22,22]; [23,23]; [24,24]; [25,25]; [26,26]; [27,27]; [28,28]; >",15829769,90,
4q3ewBCX7sLwd24euuV69X,Bad Bunny,"latin,reggaeton,trap latino","<[0, 0,31412713]; [1, 1,31453374]; [2, 2,31492133]; [3, 3,31530721]; [4, 4,31570706]; [5, 5,31606714]; [6, 6,31549592]; [7, 7,31589630]; [8, 8,31626374]; [9, 9,31660107]; [10, 10,31694500]; [11, 11,31728282]; [12, 12,31759379]; [13, 13,31791825]; [14, 14,31827257]; [15, 15,31863068]; [16, 16,31901967]; [17, 17,31941333]; [18, 18,31977808]; [19, 19,32014056]; [20, 20,32049881]; [21, 21,32087844]; [22, 22,32127908]; [23, 23,32169246]; [24, 24,32211074]; [25, 25,32244734]; [26, 26,32263629]; [27, 27,32304467]; [28, 28,32347953]; >","<[0, 0,99]; [1, 1,99]; [2, 2,99]; [3, 3,99]; [4, 4,99]; [5, 5,99]; [6, 6,99]; [7, 7,99]; [8, 8,99]; [9, 9,99]; [10, 10,98]; [11, 11,98]; [12, 12,98]; [13, 13,98]; [14, 14,98]; [15, 15,98]; [16, 16,98]; [17, 17,98]; [18, 18,98]; [19, 19,98]; [20, 20,98]; [21, 21,98]; [22, 22,98]; [23, 23,98]; [24, 24,98]; [25, 25,98]; [26, 26,98]; [27, 27,98]; [28, 28,98]; >","<[0,0]; [1,1]; [2,2]; [3,3]; [4,4]; [5,5]; [6,6]; [7,7]; [8,8]; [9,9]; [10,10]; [11,11]; [12,12]; [13,13]; [14,14]; [15,15]; [16,16]; [17,17]; [18,18]; [19,19]; [20,20]; [21,21]; [22,22]; [23,23]; [24,24]; [25,25]; [26,26]; [27,27]; [28,28]; >",32347953,98,
0du5cEVh5yTK9QJze8zA0C,Bruno Mars,"pop","<[0, 0,29381079]; [1, 1,29403005]; [2, 2,29424890]; [3, 3,29446988]; [4, 4,29469415]; [5, 5,29491235]; [6, 6,29510385]; [7, 7,29531522]; [8, 8,29551560]; [9, 9,29571216]; [10, 10,29591365]; [11, 11,29611405]; [12, 12,29630783]; [13, 13,29650395]; [14, 14,29670378]; [15, 15,29689986]; [16, 16,29710386]; [17, 17,29731136]; [18, 18,29752381]; [19, 19,29772743]; [20, 20,29791742]; [21, 21,29811181]; [22, 22,29832394]; [23, 23,29854394]; [24, 24,29876443]; [25, 25,29899101]; [26, 26,29920769]; [27, 27,29942000]; [28, 28,29963714]; >","<[0, 0,93]; [1, 1,93]; [2, 2,93]; [3, 3,93]; [4, 4,93]; [5, 5,93]; [6, 6,93]; [7, 7,93]; [8, 8,93]; [9, 9,93]; [10, 10,93]; [11, 11,93]; [12, 12,93]; [13, 13,93]; [14, 14,93]; [15, 15,93]; [16, 16,93]; [17, 17,93]; [18, 18,93]; [19, 19,93]; [20, 20,93]; [21, 21,93]; [22, 22,93]; [23, 23,93]; [24, 24,93]; [25, 25,93]; [26, 26,93]; [27, 27,93]; [28, 28,93]; >","<[0,0]; [1,1]; [2,2]; [3,3]; [4,4]; [5,5]; [6,6]; [7,7]; [8,8]; [9,9]; [10,10]; [11,11]; [12,12]; [13,13]; [14,14]; [15,15]; [16,16]; [17,17]; [18,18]; [19,19]; [20,20]; [21,21]; [22,22]; [23,23]; [24,24]; [25,25]; [26,26]; [27,27]; [28,28]; >",29963714,93,
20wkVLutqVOYrc0kxFs7rA,Daniel Caesar,"canadian contemporary r&b,pop","<[0, 0,2532515]; [1, 1,2535111]; [2, 2,2537632]; [3, 3,2540098]; [4, 4,2542520]; [5, 5,2544870]; [6, 6,2547051]; [7, 7,2549521]; [8, 8,2551674]; [9, 9,2554056]; [10, 10,2556371]; [11, 11,2558384]; [12, 12,2560477]; [13, 13,2562712]; [14, 14,2565194]; [15, 15,2567458]; [16, 16,2569756]; [17, 17,2571816]; [18, 18,2573895]; [19, 19,2575924]; [20, 20,2578045]; [21, 21,2580058]; [22, 22,2582105]; [23, 23,2584167]; [24, 24,2586152]; [25, 25,2588034]; [26, 26,2589788]; [27, 27,2591725]; [28, 28,2593588]; >","<[0, 0,84]; [1, 1,84]; [2, 2,84]; [3, 3,85]; [4, 4,86]; [5, 5,86]; [6, 6,86]; [7, 7,86]; [8, 8,87]; [9, 9,87]; [10, 10,87]; [11, 11,87]; [12, 12,87]; [13, 13,87]; [14, 14,88]; [15, 15,88]; [16, 16,88]; [17, 17,88]; [18, 18,88]; [19, 19,88]; [20, 20,88]; [21, 21,88]; [22, 22,88]; [23, 23,89]; [24, 24,89]; [25, 25,89]; [26, 26,89]; [27, 27,89]; [28, 28,89]; >","<[0,0]; [1,1]; [2,2]; [3,3]; [4,4]; [5,5]; [6,6]; [7,7]; [8,8]; [9,9]; [10,10]; [11,11]; [12,12]; [13,13]; [14,14]; [15,15]; [16,16]; [17,17]; [18,18]; [19,19]; [20,20]; [21,21]; [22,22]; [23,23]; [24,24]; [25,25]; [26,26]; [27,27]; [28,28]; >",2593588,89,
1McMsnEElThX1knmY4oliG,Olivia Rodrigo,"alt z,pop,post-teen pop","<[0, 0,1157650]; [1, 1,1164459]; [2, 2,1170673]; [3, 3,1178320]; [4, 4,1186391]; [5, 5,1193029]; [6, 6,1205223]; [7, 7,1215858]; [8, 8,1223580]; [9, 9,1248073]; [10, 10,1268738]; [11, 11,1282320]; [12, 12,1294901]; [13, 13,1307405]; [14, 14,1318476]; [15, 15,1329463]; [16, 16,1340580]; [17, 17,1351452]; [18, 18,1361709]; [19, 19,1370986]; [20, 20,1380547]; [21, 21,1393865]; [22, 22,1407680]; [23, 23,1420273]; [24, 24,1433165]; [25, 25,1444702]; [26, 26,1456444]; [27, 27,1467310]; [28, 28,1478127]; >","<[0, 0,88]; [1, 1,88]; [2, 2,88]; [3, 3,88]; [4, 4,88]; [5, 5,88]; [6, 6,88]; [7, 7,87]; [8, 8,87]; [9, 9,87]; [10, 10,87]; [11, 11,87]; [12, 12,87]; [13, 13,87]; [14, 14,87]; [15, 15,87]; [16, 16,87]; [17, 17,87]; [18, 18,87]; [19, 19,88]; [20, 20,88]; [21, 21,88]; [22, 22,88]; [23, 23,88]; [24, 24,88]; [25, 25,88]; [26, 26,88]; [27, 27,88]; [28, 28,88]; >","<[0,0]; [1,1]; [2,2]; [3,3]; [4,4]; [5,5]; [6,6]; [7,7]; [8,8]; [9,9]; [10,10]; [11,11]; [12,12]; [13,13]; [14,14]; [15,15]; [16,16]; [17,17]; [18,18]; [19,19]; [20,20]; [21,21]; [22,22]; [23,23]; [24,24]; [25,25]; [26,26]; [27,27]; [28,28]; >",1478127,88,
1U1el3k54VvEUzo3ybLPlM,Kali Uchis,"colombian pop,pop","<[0, 0,1595994]; [1, 1,1601633]; [2, 2,1606712]; [3, 3,1612277]; [4, 4,1616743]; [5, 5,1621505]; [6, 6,1626171]; [7, 7,1630701]; [8, 8,1634663]; [9, 9,1638767]; [10, 10,1642969]; [11, 11,1646659]; [12, 12,1650523]; [13, 13,1654469]; [14, 14,1658240]; [15, 15,1662362]; [16, 16,1666227]; [17, 17,1670052]; [18, 18,1673324]; [19, 19,1677129]; [20, 20,1680779]; [21, 21,1684227]; [22, 22,1688000]; [23, 23,1691466]; [24, 24,1694803]; [25, 25,1698014]; [26, 26,1701424]; [27, 27,1704634]; [28, 28,1707763]; >","<[0, 0,88]; [1, 1,89]; [2, 2,89]; [3, 3,89]; [4, 4,89]; [5, 5,89]; [6, 6,89]; [7, 7,89]; [8, 8,88]; [9, 9,88]; [10, 10,88]; [11, 11,88]; [12, 12,88]; [13, 13,88]; [14, 14,88]; [15, 15,88]; [16, 16,88]; [17, 17,88]; [18, 18,88]; [19, 19,88]; [20, 20,88]; [21, 21,88]; [22, 22,88]; [23, 23,88]; [24, 24,88]; [25, 25,88]; [26, 26,88]; [27, 27,88]; [28, 28,88]; >","<[0,0]; [1,1]; [2,2]; [3,3]; [4,4]; [5,5]; [6,6]; [7,7]; [8,8]; [9,9]; [10,10]; [11,11]; [12,12]; [13,13]; [14,14]; [15,15]; [16,16]; [17,17]; [18,18]; [19,19]; [20,20]; [21,21]; [22,22]; [23,23]; [24,24]; [25,25]; [26,26]; [27,27]; [28,28]; >",1707763,88,
6PvvGcCY2XtUcSRld1Wilr,Silk Sonic,"","<[0, 0,132162]; [1, 1,134055]; [2, 2,135714]; [3, 3,137563]; [4, 4,139069]; [5, 5,140319]; [6, 6,141751]; [7, 7,143102]; [8, 8,144664]; [9, 9,145947]; [10, 10,147941]; [11, 11,149395]; [12, 12,151008]; [13, 13,152594]; [14, 14,153869]; [15, 15,155091]; [16, 16,156281]; [17, 17,157593]; [18, 18,158576]; [19, 19,159537]; [20, 20,160641]; [21, 21,161753]; [22, 22,162631]; [23, 23,163556]; [24, 24,164526]; [25, 25,165400]; [26, 26,166123]; [27, 27,166844]; [28, 28,167545]; >","<[0, 0,81]; [1, 1,81]; [2, 2,81]; [3, 3,81]; [4, 4,81]; [5, 5,82]; [6, 6,82]; [7, 7,82]; [8, 8,82]; [9, 9,82]; [10, 10,82]; [11, 11,82]; [12, 12,82]; [13, 13,82]; [14, 14,82]; [15, 15,82]; [16, 16,82]; [17, 17,82]; [18, 18,82]; [19, 19,82]; [20, 20,82]; [21, 21,82]; [22, 22,82]; [23, 23,82]; [24, 24,82]; [25, 25,83]; [26, 26,83]; [27, 27,83]; [28, 28,83]; >","<[0,0]; [1,1]; [2,2]; [3,3]; [4,4]; [5,5]; [6,6]; [7,7]; [8,8]; [9,9]; [10,10]; [11,11]; [12,12]; [13,13]; [14,14]; [15,15]; [16,16]; [17,17]; [18,18]; [19,19]; [20,20]; [21,21]; [22,22]; [23,23]; [24,24]; [25,25]; [26,26]; [27,27]; [28,28]; >",167545,83,
6M2wZ9GZgrQXHCFfjv46we,Dua Lipa,"dance pop,pop,pop dance,uk pop","<[0, 0,23579173]; [1, 1,23601017]; [2, 2,23622795]; [3, 3,23647126]; [4, 4,23671367]; [5, 5,23694258]; [6, 6,23714569]; [7, 7,23735731]; [8, 8,23756330]; [9, 9,23776754]; [10, 10,23797403]; [11, 11,23818009]; [12, 12,23838826]; [13, 13,23860377]; [14, 14,23881528]; [15, 15,23902629]; [16, 16,23924658]; [17, 17,23946493]; [18, 18,23968286]; [19, 19,23989093]; [20, 20,24009612]; [21, 21,24030367]; [22, 22,24052586]; [23, 23,24075299]; [24, 24,24098788]; [25, 25,24123468]; [26, 26,24147014]; [27, 27,24169380]; [28, 28,24193457]; >","<[0, 0,96]; [1, 1,96]; [2, 2,96]; [3, 3,96]; [4, 4,96]; [5, 5,96]; [6, 6,95]; [7, 7,95]; [8, 8,95]; [9, 9,95]; [10, 10,95]; [11, 11,95]; [12, 12,95]; [13, 13,95]; [14, 14,95]; [15, 15,95]; [16, 16,95]; [17, 17,95]; [18, 18,95]; [19, 19,95]; [20, 20,95]; [21, 21,95]; [22, 22,95]; [23, 23,95]; [24, 24,95]; [25, 25,95]; [26, 26,95]; [27, 27,95]; [28, 28,95]; >","<[0,0]; [1,1]; [2,2]; [3,3]; [4,4]; [5,5]; [6,6]; [7,7]; [8,8]; [9,9]; [10,10]; [11,11]; [12,12]; [13,13]; [14,14]; [15,15]; [16,16]; [17,17]; [18,18]; [19,19]; [20,20]; [21,21]; [22,22]; [23,23]; [24,24]; [25,25]; [26,26]; [27,27]; [28,28]; >",24193457,95,
3jK9MiCrA42lLAdMGUZpwa,Anderson .Paak,"escape room","<[0, 0,1782100]; [1, 1,1783906]; [2, 2,1785742]; [3, 3,1787340]; [4, 4,1789042]; [5, 5,1790611]; [6, 6,1792321]; [7, 7,1793995]; [8, 8,1795642]; [9, 9,1797234]; [10, 10,1799057]; [11, 11,1800790]; [12, 12,1802498]; [13, 13,1804084]; [14, 14,1805622]; [15, 15,1807146]; [16, 16,1808706]; [17, 17,1810744]; [18, 18,1812427]; [19, 19,1813954]; [20, 20,1815457]; [21, 21,1816947]; [22, 22,1818411]; [23, 23,1819934]; [24, 24,1821367]; [25, 25,1822879]; [26, 26,1824171]; [27, 27,1825420]; [28, 28,1826534]; >","<[0, 0,86]; [1, 1,86]; [2, 2,86]; [3, 3,86]; [4, 4,86]; [5, 5,86]; [6, 6,86]; [7, 7,86]; [8, 8,86]; [9, 9,86]; [10, 10,86]; [11, 11,86]; [12, 12,86]; [13, 13,86]; [14, 14,86]; [15, 15,86]; [16, 16,86]; [17, 17,86]; [18, 18,86]; [19, 19,86]; [20, 20,86]; [21, 21,86]; [22, 22,86]; [23, 23,86]; [24, 24,86]; [25, 25,86]; [26, 26,86]; [27, 27,86]; [28, 28,86]; >","<[0,0]; [1,1]; [2,2]; [3,3]; [4,4]; [5,5]; [6,6]; [7,7]; [8,8]; [9,9]; [10,10]; [11,11]; [12,12]; [13,13]; [14,14]; [15,15]; [16,16]; [17,17]; [18,18]; [19,19]; [20,20]; [21,21]; [22,22]; [23,23]; [24,24]; [25,25]; [26,26]; [27,27]; [28,28]; >",1826534,86,
7iK8PXO48WeuP03g8YR51W,Myke Towers,"trap latino","<[0, 0,4739771]; [1, 1,4751757]; [2, 2,4763776]; [3, 3,4775512]; [4, 4,4787436]; [5, 5,4797680]; [6, 6,4808211]; [7, 7,4818872]; [8, 8,4829744]; [9, 9,4840090]; [10, 10,4849026]; [11, 11,4858549]; [12, 12,4867428]; [13, 13,4877323]; [14, 14,4886926]; [15, 15,4897655]; [16, 16,4908888]; [17, 17,4919732]; [18, 18,4928941]; [19, 19,4939676]; [20, 20,4950150]; [21, 21,4960356]; [22, 22,4970125]; [23, 23,4979594]; [24, 24,4991611]; [25, 25,5001808]; [26, 26,5010901]; [27, 27,5021092]; [28, 28,5031353]; >","<[0, 0,96]; [1, 1,96]; [2, 2,96]; [3, 3,96]; [4, 4,96]; [5, 5,96]; [6, 6,96]; [7, 7,96]; [8, 8,96]; [9, 9,96]; [10, 10,96]; [11, 11,96]; [12, 12,96]; [13, 13,95]; [14, 14,95]; [15, 15,95]; [16, 16,95]; [17, 17,95]; [18, 18,95]; [19, 19,95]; [20, 20,95]; [21, 21,95]; [22, 22,95]; [23, 23,95]; [24, 24,95]; [25, 25,95]; [26, 26,95]; [27, 27,95]; [28, 28,95]; >","<[0,0]; [1,1]; [2,2]; [3,3]; [4,4]; [5,5]; [6,6]; [7,7]; [8,8]; [9,9]; [10,10]; [11,11]; [12,12]; [13,13]; [14,14]; [15,15]; [16,16]; [17,17]; [18,18]; [19,19]; [20,20]; [21,21]; [22,22]; [23,23]; [24,24]; [25,25]; [26,26]; [27,27]; [28,28]; >",5031353,95,
1uU7g3DNSbsu0QjSEqZtEd,Masked Wolf,"australian hip hop","<[0, 0,126978]; [1, 1,129048]; [2, 2,131286]; [3, 3,133619]; [4, 4,135938]; [5, 5,137970]; [6, 6,139931]; [7, 7,141931]; [8, 8,143932]; [9, 9,145883]; [10, 10,147858]; [11, 11,149956]; [12, 12,151929]; [13, 13,153900]; [14, 14,155820]; [15, 15,157858]; [16, 16,159847]; [17, 17,161978]; [18, 18,163980]; [19, 19,165973]; [20, 20,167990]; [21, 21,169808]; [22, 22,171677]; [23, 23,173548]; [24, 24,175549]; [25, 25,177401]; [26, 26,179252]; [27, 27,181052]; [28, 28,182821]; >","<[0, 0,84]; [1, 1,84]; [2, 2,84]; [3, 3,84]; [4, 4,85]; [5, 5,85]; [6, 6,85]; [7, 7,85]; [8, 8,84]; [9, 9,84]; [10, 10,84]; [11, 11,84]; [12, 12,84]; [13, 13,84]; [14, 14,84]; [15, 15,84]; [16, 16,84]; [17, 17,84]; [18, 18,84]; [19, 19,85]; [20, 20,85]; [21, 21,85]; [22, 22,85]; [23, 23,85]; [24, 24,85]; [25, 25,85]; [26, 26,85]; [27, 27,85]; [28, 28,85]; >","<[0,0]; [1,1]; [2,2]; [3,3]; [4,4]; [5,5]; [6,6]; [7,7]; [8,8]; [9,9]; [10,10]; [11,11]; [12,12]; [13,13]; [14,14]; [15,15]; [16,16]; [17,17]; [18,18]; [19,19]; [20,20]; [21,21]; [22,22]; [23,23]; [24,24]; [25,25]; [26,26]; [27,27]; [28,28]; >",182821,85,
4L2dV3zY7RmkeiNO035Fi0,Mufasa & Hypeman,"","<[0, 0,1650]; [1, 1,1681]; [2, 2,1714]; [3, 3,1796]; [4, 4,1852]; [5, 5,1884]; [6, 6,1920]; [7, 7,1962]; [8, 8,1994]; [9, 9,2031]; [10, 10,2083]; [11, 11,2128]; [12, 12,2165]; [13, 13,2215]; [14, 14,2247]; [15, 15,2283]; [16, 16,2309]; [17, 17,2356]; [18, 18,2392]; [19, 19,2427]; [20, 20,2458]; [21, 21,2490]; [22, 22,2520]; [23, 23,2557]; [24, 24,2614]; [25, 25,2658]; [26, 26,2695]; [27, 27,2727]; [28, 28,2761]; >","<[0, 0,78]; [1, 1,78]; [2, 2,78]; [3, 3,78]; [4, 4,78]; [5, 5,79]; [6, 6,79]; [7, 7,79]; [8, 8,79]; [9, 9,79]; [10, 10,79]; [11, 11,79]; [12, 12,79]; [13, 13,79]; [14, 14,79]; [15, 15,79]; [16, 16,79]; [17, 17,79]; [18, 18,79]; [19, 19,79]; [20, 20,79]; [21, 21,79]; [22, 22,79]; [23, 23,80]; [24, 24,80]; [25, 25,80]; [26, 26,80]; [27, 27,80]; [28, 28,80]; >","<[0,0]; [1,1]; [2,2]; [3,3]; [4,4]; [5,5]; [6,6]; [7,7]; [8,8]; [9,9]; [10,10]; [11,11]; [12,12]; [13,13]; [14,14]; [15,15]; [16,16]; [17,17]; [18,18]; [19,19]; [20,20]; [21,21]; [22,22]; [23,23]; [24,24]; [25,25]; [26,26]; [27,27]; [28,28]; >",2761,80,
4riOEaOW5hCeqomFDBk0aP,Rochy RD,"dembow,rap dominicano,trap latino","<[0, 0,207937]; [1, 1,208865]; [2, 2,209809]; [3, 3,210651]; [4, 4,211484]; [5, 5,212145]; [6, 6,212818]; [7, 7,213484]; [8, 8,214154]; [9, 9,214806]; [10, 10,215376]; [11, 11,215890]; [12, 12,216417]; [13, 13,217002]; [14, 14,217729]; [15, 15,218426]; [16, 16,219116]; [17, 17,219949]; [18, 18,220563]; [19, 19,221154]; [20, 20,221783]; [21, 21,222394]; [22, 22,223229]; [23, 23,224026]; [24, 24,224898]; [25, 25,225742]; [26, 26,226485]; [27, 27,227212]; [28, 28,228136]; >","<[0, 0,80]; [1, 1,80]; [2, 2,80]; [3, 3,80]; [4, 4,80]; [5, 5,80]; [6, 6,80]; [7, 7,80]; [8, 8,80]; [9, 9,80]; [10, 10,80]; [11, 11,80]; [12, 12,79]; [13, 13,79]; [14, 14,79]; [15, 15,79]; [16, 16,79]; [17, 17,79]; [18, 18,79]; [19, 19,79]; [20, 20,79]; [21, 21,79]; [22, 22,79]; [23, 23,79]; [24, 24,79]; [25, 25,79]; [26, 26,79]; [27, 27,79]; [28, 28,79]; >","<[0,0]; [1,1]; [2,2]; [3,3]; [4,4]; [5,5]; [6,6]; [7,7]; [8,8]; [9,9]; [10,10]; [11,11]; [12,12]; [13,13]; [14,14]; [15,15]; [16,16]; [17,17]; [18,18]; [19,19]; [20,20]; [21,21]; [22,22]; [23,23]; [24,24]; [25,25]; [26,26]; [27,27]; [28,28]; >",228136,79,
4r63FhuTkUYltbVAg5TQnk,DaBaby,"north carolina hip hop,rap","<[0, 0,6215669]; [1, 1,6227070]; [2, 2,6239255]; [3, 3,6253457]; [4, 4,6267264]; [5, 5,6279726]; [6, 6,6291371]; [7, 7,6303507]; [8, 8,6315154]; [9, 9,6326826]; [10, 10,6340934]; [11, 11,6352810]; [12, 12,6362984]; [13, 13,6373097]; [14, 14,6384013]; [15, 15,6394473]; [16, 16,6404563]; [17, 17,6415463]; [18, 18,6426432]; [19, 19,6436964]; [20, 20,6446576]; [21, 21,6456076]; [22, 22,6466040]; [23, 23,6474943]; [24, 24,6485079]; [25, 25,6494632]; [26, 26,6503771]; [27, 27,6512324]; [28, 28,6521840]; >","<[0, 0,94]; [1, 1,94]; [2, 2,94]; [3, 3,94]; [4, 4,94]; [5, 5,94]; [6, 6,94]; [7, 7,94]; [8, 8,94]; [9, 9,94]; [10, 10,94]; [11, 11,94]; [12, 12,94]; [13, 13,94]; [14, 14,94]; [15, 15,94]; [16, 16,94]; [17, 17,94]; [18, 18,94]; [19, 19,94]; [20, 20,94]; [21, 21,93]; [22, 22,93]; [23, 23,93]; [24, 24,93]; [25, 25,93]; [26, 26,94]; [27, 27,94]; [28, 28,94]; >","<[0,0]; [1,1]; [2,2]; [3,3]; [4,4]; [5,5]; [6,6]; [7,7]; [8,8]; [9,9]; [10,10]; [11,11]; [12,12]; [13,13]; [14,14]; [15,15]; [16,16]; [17,17]; [18,18]; [19,19]; [20,20]; [21,21]; [22,22]; [23,23]; [24,24]; [25,25]; [26,26]; [27,27]; [28,28]; >",6521840,94,
1PKErrAhYFdfrDymGHRQRo,Nathan Evans,"","<[0, 0,77177]; [1, 1,77847]; [2, 2,78553]; [3, 3,79386]; [4, 4,80300]; [5, 5,81121]; [6, 6,81814]; [7, 7,82498]; [8, 8,83103]; [9, 9,83694]; [10, 10,84403]; [11, 11,85101]; [12, 12,85728]; [13, 13,86415]; [14, 14,87108]; [15, 15,87767]; [16, 16,88319]; [19, 19,90120]; [20, 20,90606]; [21, 21,91194]; [22, 22,91735]; [23, 23,92292]; [24, 24,92942]; [25, 25,93596]; >","<[0, 0,81]; [1, 1,81]; [2, 2,81]; [3, 3,81]; [4, 4,81]; [5, 5,81]; [6, 6,81]; [7, 7,81]; [8, 8,81]; [9, 9,81]; [10, 10,81]; [11, 11,81]; [12, 12,81]; [13, 13,81]; [14, 14,81]; [15, 15,81]; [16, 16,80]; [19, 19,80]; [20, 20,80]; [21, 21,80]; [22, 22,80]; [23, 23,80]; [24, 24,80]; [25, 25,80]; >","<[0,0]; [1,1]; [2,2]; [3,3]; [4,4]; [5,5]; [6,6]; [7,7]; [8,8]; [9,9]; [10,10]; [11,11]; [12,12]; [13,13]; [14,14]; [15,15]; [16,16]; [19,19]; [20,20]; [21,21]; [22,22]; [23,23]; [24,24]; [25,25]; >",93596,80,
0u6GtibW46tFX7koQ6uNJZ,Topic,"dance pop,edm,german dance,pop dance,pop edm,tropical house","<[0, 0,131681]; [1, 1,131868]; [2, 2,132017]; [3, 3,132226]; [4, 4,132429]; [5, 5,132594]; [6, 6,132759]; [7, 7,132946]; [8, 8,133143]; [9, 9,133307]; [10, 10,133488]; [11, 11,133678]; [12, 12,133835]; [13, 13,134038]; [14, 14,134197]; [15, 15,134348]; [16, 16,134497]; [17, 17,134648]; [18, 18,134820]; [19, 19,134963]; [20, 20,135111]; [21, 21,135254]; [22, 22,135396]; [23, 23,135540]; [24, 24,135692]; [25, 25,135844]; [26, 26,135978]; [27, 27,136108]; [28, 28,136221]; >","<[0, 0,84]; [1, 1,84]; [2, 2,84]; [3, 3,84]; [4, 4,84]; [5, 5,84]; [6, 6,84]; [7, 7,84]; [8, 8,84]; [9, 9,84]; [10, 10,84]; [11, 11,83]; [12, 12,83]; [13, 13,83]; [14, 14,83]; [15, 15,83]; [16, 16,83]; [17, 17,83]; [18, 18,83]; [19, 19,83]; [20, 20,83]; [21, 21,83]; [22, 22,83]; [23, 23,83]; [24, 24,83]; [25, 25,83]; [26, 26,83]; [27, 27,83]; [28, 28,83]; >","<[0,0]; [1,1]; [2,2]; [3,3]; [4,4]; [5,5]; [6,6]; [7,7]; [8,8]; [9,9]; [10,10]; [11,11]; [12,12]; [13,13]; [14,14]; [15,15]; [16,16]; [17,17]; [18,18]; [19,19]; [20,20]; [21,21]; [22,22]; [23,23]; [24,24]; [25,25]; [26,26]; [27,27]; [28,28]; >",136221,83,
7tYKF4w9nC0nq9CsPZTHyP,SZA,"pop,pop rap","<[0, 0,4894385]; [1, 1,4902694]; [2, 2,4910970]; [3, 3,4919977]; [4, 4,4927268]; [5, 5,4935225]; [6, 6,4942396]; [7, 7,4949757]; [8, 8,4956714]; [9, 9,4963930]; [10, 10,4970957]; [11, 11,4977803]; [12, 12,4983906]; [13, 13,4990357]; [14, 14,4996420]; [15, 15,5004642]; [16, 16,5013279]; [17, 17,5022766]; [18, 18,5030641]; [19, 19,5037775]; [20, 20,5045306]; [21, 21,5052333]; [22, 22,5060583]; [23, 23,5067913]; [24, 24,5075693]; [25, 25,5082658]; [26, 26,5089543]; [27, 27,5096754]; [28, 28,5103472]; >","<[0, 0,88]; [1, 1,88]; [2, 2,88]; [3, 3,88]; [4, 4,88]; [5, 5,88]; [6, 6,88]; [7, 7,88]; [8, 8,88]; [9, 9,88]; [10, 10,87]; [11, 11,87]; [12, 12,87]; [13, 13,87]; [14, 14,87]; [15, 15,87]; [16, 16,87]; [17, 17,87]; [18, 18,87]; [19, 19,87]; [20, 20,87]; [21, 21,88]; [22, 22,88]; [23, 23,88]; [24, 24,88]; [25, 25,88]; [26, 26,88]; [27, 27,88]; [28, 28,88]; >","<[0,0]; [1,1]; [2,2]; [3,3]; [4,4]; [5,5]; [6,6]; [7,7]; [8,8]; [9,9]; [10,10]; [11,11]; [12,12]; [13,13]; [14,14]; [15,15]; [16,16]; [17,17]; [18,18]; [19,19]; [20,20]; [21,21]; [22,22]; [23,23]; [24,24]; [25,25]; [26,26]; [27,27]; [28,28]; >",5103472,88,
5CiGnKThu5ctn9pBxv7DGa,benny blanco,"electropop,pop,pop dance,pop rap","<[0, 0,745736]; [1, 1,746531]; [2, 2,747281]; [3, 3,748467]; >","<[0, 0,84]; [1, 1,84]; [2, 2,84]; [3, 3,84]; >","<[0,0]; [1,1]; [2,2]; [3,3]; >",748467,84,
5cj0lLjcoR7YOSnhnX0Po5,Doja Cat,"dance pop,pop","<[0, 0,5842296]; [1, 1,5857564]; [2, 2,5872433]; [3, 3,5887696]; [4, 4,5903883]; [5, 5,5919172]; [6, 6,5932853]; [7, 7,5945986]; [8, 8,5959991]; [9, 9,5974303]; [10, 10,5989166]; [11, 11,6003674]; [12, 12,6017245]; [13, 13,6030289]; [14, 14,6044360]; [15, 15,6057501]; [16, 16,6073514]; [17, 17,6090886]; [18, 18,6107005]; [19, 19,6122123]; [20, 20,6136051]; [21, 21,6149651]; [22, 22,6164507]; [23, 23,6179218]; [24, 24,6193680]; [25, 25,6208117]; [26, 26,6222822]; [27, 27,6237625]; [28, 28,6251486]; >","<[0, 0,92]; [1, 1,92]; [2, 2,92]; [3, 3,92]; [4, 4,92]; [5, 5,92]; [6, 6,92]; [7, 7,92]; [8, 8,92]; [9, 9,91]; [10, 10,91]; [11, 11,91]; [12, 12,91]; [13, 13,91]; [14, 14,91]; [15, 15,91]; [16, 16,91]; [17, 17,91]; [18, 18,91]; [19, 19,91]; [20, 20,91]; [21, 21,91]; [22, 22,91]; [23, 23,91]; [24, 24,91]; [25, 25,92]; [26, 26,92]; [27, 27,92]; [28, 28,92]; >","<[0,0]; [1,1]; [2,2]; [3,3]; [4,4]; [5,5]; [6,6]; [7,7]; [8,8]; [9,9]; [10,10]; [11,11]; [12,12]; [13,13]; [14,14]; [15,15]; [16,16]; [17,17]; [18,18]; [19,19]; [20,20]; [21,21]; [22,22]; [23,23]; [24,24]; [25,25]; [26,26]; [27,27]; [28,28]; >",6251486,92,
1gALaWbNDnwS2ECV09sn2A,Nightcrawlers,"","<[0, 0,29639]; [1, 1,29690]; [2, 2,29739]; [3, 3,29838]; [4, 4,29904]; [5, 5,29957]; [6, 6,30004]; [7, 7,30046]; [8, 8,30107]; [9, 9,30162]; [10, 10,30233]; [11, 11,30287]; [12, 12,30351]; [13, 13,30407]; [14, 14,30458]; [15, 15,30509]; [16, 16,30557]; [17, 17,30636]; [18, 18,30716]; [19, 19,30761]; [20, 20,30804]; [21, 21,30859]; [22, 22,30902]; [23, 23,30952]; [24, 24,31029]; [25, 25,31103]; [26, 26,31153]; [27, 27,31189]; [28, 28,31230]; >","<[0, 0,79]; [1, 1,79]; [2, 2,79]; [3, 3,79]; [4, 4,79]; [5, 5,79]; [6, 6,79]; [7, 7,79]; [8, 8,79]; [9, 9,79]; [10, 10,79]; [11, 11,80]; [12, 12,80]; [13, 13,80]; [14, 14,80]; [15, 15,80]; [16, 16,80]; [17, 17,80]; [18, 18,80]; [19, 19,80]; [20, 20,80]; [21, 21,80]; [22, 22,80]; [23, 23,80]; [24, 24,80]; [25, 25,80]; [26, 26,80]; [27, 27,80]; [28, 28,80]; >","<[0,0]; [1,1]; [2,2]; [3,3]; [4,4]; [5,5]; [6,6]; [7,7]; [8,8]; [9,9]; [10,10]; [11,11]; [12,12]; [13,13]; [14,14]; [15,15]; [16,16]; [17,17]; [18,18]; [19,19]; [20,20]; [21,21]; [22,22]; [23,23]; [24,24]; [25,25]; [26,26]; [27,27]; [28,28]; >",31230,80,
1anyVhU62p31KFi8MEzkbf,Chance the Rapper,"chicago rap,conscious hip hop,hip hop,pop rap,rap","<[0, 0,5238655]; [1, 1,5240195]; [2, 2,5241667]; [3, 3,5243170]; [4, 4,5244562]; [5, 5,5245843]; [6, 6,5247159]; [7, 7,5248425]; [8, 8,5249677]; [9, 9,5250808]; [10, 10,5251841]; [11, 11,5252964]; [12, 12,5254045]; [13, 13,5255140]; [14, 14,5256179]; [15, 15,5257241]; [16, 16,5258345]; >","<[0, 0,86]; [1, 1,86]; [2, 2,86]; [3, 3,86]; [4, 4,86]; [5, 5,86]; [6, 6,86]; [7, 7,86]; [8, 8,85]; [9, 9,85]; [10, 10,85]; [11, 11,85]; [12, 12,85]; [13, 13,85]; [14, 14,85]; [15, 15,85]; [16, 16,85]; >","<[0,0]; [1,1]; [2,2]; [3,3]; [4,4]; [5,5]; [6,6]; [7,7]; [8,8]; [9,9]; [10,10]; [11,11]; [12,12]; [13,13]; [14,14]; [15,15]; [16,16]; >",5258345,85,
6KImCVD70vtIoJWnq6nGn3,Harry Styles,"pop,post-teen pop","<[0, 0,13543091]; [1, 1,13567935]; [2, 2,13591170]; [3, 3,13616554]; [4, 4,13642596]; [5, 5,13665752]; [6, 6,13688598]; [7, 7,13710967]; [8, 8,13733960]; [9, 9,13756094]; [10, 10,13779603]; [11, 11,13801043]; [12, 12,13821692]; [13, 13,13843639]; [14, 14,13864692]; [15, 15,13885039]; [16, 16,13906515]; [17, 17,13927984]; [18, 18,13949071]; [19, 19,13969303]; [20, 20,13988451]; [21, 21,14007901]; [22, 22,14027779]; [23, 23,14047182]; [24, 24,14067040]; [25, 25,14086781]; [26, 26,14105487]; [27, 27,14124053]; [28, 28,14143227]; >","<[0, 0,91]; [1, 1,91]; [2, 2,91]; [3, 3,91]; [4, 4,91]; [5, 5,91]; [6, 6,91]; [7, 7,91]; [8, 8,91]; [9, 9,91]; [10, 10,91]; [11, 11,90]; [12, 12,90]; [13, 13,90]; [14, 14,90]; [15, 15,90]; [16, 16,90]; [17, 17,90]; [18, 18,90]; [19, 19,90]; [20, 20,90]; [21, 21,90]; [22, 22,90]; [23, 23,90]; [24, 24,90]; [25, 25,90]; [26, 26,90]; [27, 27,90]; [28, 28,90]; >","<[0,0]; [1,1]; [2,2]; [3,3]; [4,4]; [5,5]; [6,6]; [7,7]; [8,8]; [9,9]; [10,10]; [11,11]; [12,12]; [13,13]; [14,14]; [15,15]; [16,16]; [17,17]; [18,18]; [19,19]; [20,20]; [21,21]; [22,22]; [23,23]; [24,24]; [25,25]; [26,26]; [27,27]; [28,28]; >",14143227,90,
4GNC7GD6oZMSxPGyXy4MNB,Lewis Capaldi,"pop,uk pop","<[0, 0,7317924]; [1, 1,7328152]; [2, 2,7337655]; [3, 3,7347783]; [4, 4,7359573]; [5, 5,7369949]; [6, 6,7379270]; [7, 7,7389277]; [8, 8,7398553]; [9, 9,7407755]; [10, 10,7417735]; [11, 11,7426604]; [12, 12,7435381]; [13, 13,7443649]; [14, 14,7451640]; [15, 15,7459920]; [16, 16,7468422]; [19, 19,7493834]; [20, 20,7501557]; [21, 21,7509735]; [22, 22,7518315]; [23, 23,7527373]; [24, 24,7535698]; [25, 25,7544862]; [26, 26,7553254]; [27, 27,7561393]; [28, 28,7569954]; >","<[0, 0,87]; [1, 1,87]; [2, 2,87]; [3, 3,87]; [4, 4,87]; [5, 5,87]; [6, 6,87]; [7, 7,87]; [8, 8,87]; [9, 9,87]; [10, 10,87]; [11, 11,86]; [12, 12,86]; [13, 13,86]; [14, 14,86]; [15, 15,86]; [16, 16,86]; [19, 19,86]; [20, 20,86]; [21, 21,86]; [22, 22,86]; [23, 23,86]; [24, 24,86]; [25, 25,86]; [26, 26,86]; [27, 27,86]; [28, 28,86]; >","<[0,0]; [1,1]; [2,2]; [3,3]; [4,4]; [5,5]; [6,6]; [7,7]; [8,8]; [9,9]; [10,10]; [11,11]; [12,12]; [13,13]; [14,14]; [15,15]; [16,16]; [19,19]; [20,20]; [21,21]; [22,22]; [23,23]; [24,24]; [25,25]; [26,26]; [27,27]; [28,28]; >",7569954,86,
7jZM5w05mGhw6wTB1okhD9,ATB,"german dance,german techno,german trance,trance","<[0, 0,258099]; [1, 1,258361]; [2, 2,258591]; [3, 3,258939]; [4, 4,259265]; [5, 5,259579]; [6, 6,259807]; [7, 7,260057]; [8, 8,260318]; [9, 9,260574]; [10, 10,260846]; [11, 11,261119]; [12, 12,261407]; [13, 13,261640]; [14, 14,261869]; [15, 15,262103]; [16, 16,262303]; [17, 17,262500]; [18, 18,262765]; [19, 19,263021]; [20, 20,263252]; [21, 21,263457]; [22, 22,263684]; [23, 23,263883]; [24, 24,264104]; [25, 25,264301]; [26, 26,264531]; [27, 27,264734]; [28, 28,265017]; >","<[0, 0,79]; [1, 1,79]; [2, 2,79]; [3, 3,79]; [4, 4,79]; [5, 5,79]; [6, 6,79]; [7, 7,79]; [8, 8,79]; [9, 9,79]; [10, 10,79]; [11, 11,79]; [12, 12,79]; [13, 13,79]; [14, 14,79]; [15, 15,79]; [16, 16,79]; [17, 17,79]; [18, 18,79]; [19, 19,79]; [20, 20,79]; [21, 21,79]; [22, 22,79]; [23, 23,79]; [24, 24,79]; [25, 25,79]; [26, 26,79]; [27, 27,79]; [28, 28,79]; >","<[0,0]; [1,1]; [2,2]; [3,3]; [4,4]; [5,5]; [6,6]; [7,7]; [8,8]; [9,9]; [10,10]; [11,11]; [12,12]; [13,13]; [14,14]; [15,15]; [16,16]; [17,17]; [18,18]; [19,19]; [20,20]; [21,21]; [22,22]; [23,23]; [24,24]; [25,25]; [26,26]; [27,27]; [28,28]; >",265017,79,
0Y5tJX1MQlPlqiwlOH1tJY,Travis Scott,"rap,slap house","<[0, 0,15762151]; [1, 1,15778414]; [2, 2,15793319]; [3, 3,15809953]; [4, 4,15826478]; [5, 5,15842305]; [6, 6,15850449]; [7, 7,15865430]; [8, 8,15881717]; [9, 9,15897770]; [10, 10,15914501]; [11, 11,15929862]; [12, 12,15944070]; [13, 13,15958091]; [14, 14,15971355]; [15, 15,15985205]; [16, 16,15999387]; [17, 17,16013352]; [18, 18,16026710]; [19, 19,16040210]; [20, 20,16053441]; [21, 21,16065589]; [22, 22,16078325]; [23, 23,16091497]; [24, 24,16105016]; [25, 25,16118616]; [26, 26,16131139]; [27, 27,16143636]; [28, 28,16156558]; >","<[0, 0,95]; [1, 1,95]; [2, 2,95]; [3, 3,95]; [4, 4,95]; [5, 5,95]; [6, 6,95]; [7, 7,95]; [8, 8,95]; [9, 9,95]; [10, 10,95]; [11, 11,94]; [12, 12,94]; [13, 13,94]; [14, 14,94]; [15, 15,94]; [16, 16,94]; [17, 17,94]; [18, 18,94]; [19, 19,94]; [20, 20,94]; [21, 21,94]; [22, 22,94]; [23, 23,94]; [24, 24,94]; [25, 25,94]; [26, 26,94]; [27, 27,94]; [28, 28,94]; >","<[0,0]; [1,1]; [2,2]; [3,3]; [4,4]; [5,5]; [6,6]; [7,7]; [8,8]; [9,9]; [10,10]; [11,11]; [12,12]; [13,13]; [14,14]; [15,15]; [16,16]; [17,17]; [18,18]; [19,19]; [20,20]; [21,21]; [22,22]; [23,23]; [24,24]; [25,25]; [26,26]; [27,27]; [28,28]; >",16156558,94,
3Nrfpe0tUJi4K4DXYWgMUX,BTS,"k-pop,k-pop boy group","<[0, 0,30655229]; [1, 1,30704494]; [2, 2,30752955]; [3, 3,30801559]; [4, 4,30850310]; [5, 5,30896311]; [6, 6,30790111]; [7, 7,30836159]; [8, 8,30881875]; [9, 9,30939055]; [10, 10,30993420]; [11, 11,31037705]; [12, 12,31080042]; [13, 13,31122128]; [14, 14,31163224]; [15, 15,31205335]; [16, 16,31246275]; [17, 17,31290828]; [18, 18,31338176]; [19, 19,31383355]; [20, 20,31430340]; [21, 21,31472878]; [22, 22,31513676]; [23, 23,31552233]; [24, 24,31593169]; [25, 25,31623813]; [26, 26,31634063]; [27, 27,31673242]; [28, 28,31712424]; >","<[0, 0,97]; [1, 1,97]; [2, 2,97]; [3, 3,97]; [4, 4,97]; [5, 5,96]; [6, 6,96]; [7, 7,96]; [8, 8,96]; [9, 9,96]; [10, 10,96]; [11, 11,96]; [12, 12,96]; [13, 13,96]; [14, 14,96]; [15, 15,96]; [16, 16,96]; [17, 17,96]; [18, 18,96]; [19, 19,96]; [20, 20,96]; [21, 21,96]; [22, 22,96]; [23, 23,96]; [24, 24,96]; [25, 25,96]; [26, 26,96]; [27, 27,96]; [28, 28,96]; >","<[0,0]; [1,1]; [2,2]; [3,3]; [4,4]; [5,5]; [6,6]; [7,7]; [8,8]; [9,9]; [10,10]; [11,11]; [12,12]; [13,13]; [14,14]; [15,15]; [16,16]; [17,17]; [18,18]; [19,19]; [20,20]; [21,21]; [22,22]; [23,23]; [24,24]; [25,25]; [26,26]; [27,27]; [28,28]; >",31712424,96,
4yvcSjfu4PC0CYQyLy4wSq,Glass Animals,"gauze pop,indietronica,shiver pop","<[0, 0,1594520]; [1, 1,1596702]; [2, 2,1599037]; [3, 3,1601411]; [4, 4,1603982]; [5, 5,1606529]; [6, 6,1608577]; [7, 7,1611006]; [8, 8,1613430]; [9, 9,1615785]; [10, 10,1618305]; [11, 11,1620406]; [12, 12,1622561]; [13, 13,1624821]; [14, 14,1627080]; [15, 15,1629366]; [16, 16,1631722]; [17, 17,1634037]; [18, 18,1636223]; [19, 19,1638298]; [20, 20,1640702]; [21, 21,1642946]; [22, 22,1645342]; [23, 23,1647592]; [24, 24,1649742]; [25, 25,1651869]; [26, 26,1654046]; [27, 27,1656340]; [28, 28,1658600]; >","<[0, 0,84]; [1, 1,84]; [2, 2,84]; [3, 3,84]; [4, 4,84]; [5, 5,84]; [6, 6,84]; [7, 7,84]; [8, 8,83]; [9, 9,83]; [10, 10,83]; [11, 11,83]; [12, 12,83]; [13, 13,83]; [14, 14,83]; [15, 15,83]; [16, 16,83]; [17, 17,83]; [18, 18,83]; [19, 19,83]; [20, 20,83]; [21, 21,83]; [22, 22,83]; [23, 23,83]; [24, 24,83]; [25, 25,83]; [26, 26,83]; [27, 27,83]; [28, 28,83]; >","<[0,0]; [1,1]; [2,2]; [3,3]; [4,4]; [5,5]; [6,6]; [7,7]; [8,8]; [9,9]; [10,10]; [11,11]; [12,12]; [13,13]; [14,14]; [15,15]; [16,16]; [17,17]; [18,18]; [19,19]; [20,20]; [21,21]; [22,22]; [23,23]; [24,24]; [25,25]; [26,26]; [27,27]; [28,28]; >",1658600,83,
6LuN9FCkKOj5PcnpouEgny,Khalid,"alternative r&b,pop","<[0, 0,13613187]; [1, 1,13618322]; [2, 2,13623579]; [3, 3,13629170]; [4, 4,13634350]; [5, 5,13639112]; [6, 6,13643269]; [7, 7,13648180]; [8, 8,13652722]; [9, 9,13657161]; [10, 10,13661656]; [11, 11,13665735]; [12, 12,13669725]; [13, 13,13673826]; [14, 14,13678307]; [15, 15,13682400]; [16, 16,13688533]; >","<[0, 0,93]; [1, 1,93]; [2, 2,93]; [3, 3,93]; [4, 4,93]; [5, 5,93]; [6, 6,93]; [7, 7,93]; [8, 8,92]; [9, 9,92]; [10, 10,92]; [11, 11,92]; [12, 12,92]; [13, 13,92]; [14, 14,92]; [15, 15,92]; [16, 16,92]; >","<[0,0]; [1,1]; [2,2]; [3,3]; [4,4]; [5,5]; [6,6]; [7,7]; [8,8]; [9,9]; [10,10]; [11,11]; [12,12]; [13,13]; [14,14]; [15,15]; [16,16]; >",13688533,92,
5KNNVgR6LBIABRIomyCwKJ,Dermot Kennedy,"folk-pop,irish pop,pop","<[0, 0,882355]; [1, 1,883074]; [2, 2,883793]; [3, 3,884546]; [4, 4,885342]; [5, 5,886128]; [6, 6,886766]; [7, 7,887442]; [8, 8,888015]; [9, 9,888659]; [10, 10,889302]; [11, 11,889902]; [16, 16,892827]; [21, 21,895652]; [22, 22,896239]; [23, 23,896803]; [24, 24,897371]; [25, 25,897961]; >","<[0, 0,84]; [1, 1,84]; [2, 2,84]; [3, 3,84]; [4, 4,84]; [5, 5,84]; [6, 6,83]; [7, 7,83]; [8, 8,83]; [9, 9,83]; [10, 10,83]; [11, 11,83]; [16, 16,82]; [21, 21,82]; [22, 22,82]; [23, 23,82]; [24, 24,82]; [25, 25,82]; >","<[0,0]; [1,1]; [2,2]; [3,3]; [4,4]; [5,5]; [6,6]; [7,7]; [8,8]; [9,9]; [10,10]; [11,11]; [16,16]; [21,21]; [22,22]; [23,23]; [24,24]; [25,25]; >",897961,82,
2o5jDhtHVPhrJdv3cEQ99Z,Tiësto,"big room,brostep,dance pop,dutch edm,edm,house,pop,pop dance,slap house,trance,tropical house","<[0, 0,5466702]; [1, 1,5469160]; [2, 2,5471600]; [3, 3,5474441]; [4, 4,5477551]; [5, 5,5480302]; [6, 6,5482682]; [7, 7,5485263]; [8, 8,5487764]; [9, 9,5490026]; [10, 10,5492479]; [11, 11,5495098]; [12, 12,5497421]; [13, 13,5499811]; [14, 14,5501963]; [15, 15,5504202]; [16, 16,5506270]; [17, 17,5508404]; [18, 18,5511109]; [19, 19,5513733]; [20, 20,5515912]; [21, 21,5517955]; [22, 22,5520178]; [23, 23,5522364]; [24, 24,5524691]; [25, 25,5527032]; [26, 26,5529321]; [27, 27,5531205]; [28, 28,5533188]; >","<[0, 0,88]; [1, 1,88]; [2, 2,88]; [3, 3,88]; [4, 4,88]; [5, 5,88]; [6, 6,88]; [7, 7,88]; [8, 8,88]; [9, 9,87]; [10, 10,87]; [11, 11,87]; [12, 12,87]; [13, 13,87]; [14, 14,87]; [15, 15,87]; [16, 16,87]; [17, 17,87]; [18, 18,87]; [19, 19,87]; [20, 20,87]; [21, 21,87]; [22, 22,87]; [23, 23,87]; [24, 24,87]; [25, 25,87]; [26, 26,87]; [27, 27,87]; [28, 28,87]; >","<[0,0]; [1,1]; [2,2]; [3,3]; [4,4]; [5,5]; [6,6]; [7,7]; [8,8]; [9,9]; [10,10]; [11,11]; [12,12]; [13,13]; [14,14]; [15,15]; [16,16]; [17,17]; [18,18]; [19,19]; [20,20]; [21,21]; [22,22]; [23,23]; [24,24]; [25,25]; [26,26]; [27,27]; [28,28]; >",5533188,87,
4IVAbR2w4JJNJDDRFP3E83,6LACK,"alternative r&b,atl hip hop,hip hop,melodic rap,pop rap,rap,trap","<[0, 0,2846390]; [1, 1,2848767]; [2, 2,2851025]; [3, 3,2853476]; [4, 4,2855545]; [5, 5,2857570]; [6, 6,2859786]; [7, 7,2861911]; [8, 8,2863966]; [9, 9,2866003]; [10, 10,2867886]; [11, 11,2869697]; [12, 12,2871549]; [13, 13,2873262]; [14, 14,2875261]; [15, 15,2877210]; [16, 16,2879139]; [17, 17,2880973]; [18, 18,2882858]; [19, 19,2884464]; [20, 20,2886292]; [21, 21,2888119]; [22, 22,2889965]; [23, 23,2891817]; [24, 24,2893671]; [25, 25,2895445]; [26, 26,2897111]; [27, 27,2898779]; [28, 28,2900340]; >","<[0, 0,87]; [1, 1,87]; [2, 2,87]; [3, 3,87]; [4, 4,87]; [5, 5,87]; [6, 6,87]; [7, 7,86]; [8, 8,86]; [9, 9,86]; [10, 10,86]; [11, 11,86]; [12, 12,86]; [13, 13,86]; [14, 14,86]; [15, 15,86]; [16, 16,86]; [17, 17,86]; [18, 18,86]; [19, 19,86]; [20, 20,86]; [21, 21,86]; [22, 22,86]; [23, 23,85]; [24, 24,85]; [25, 25,85]; [26, 26,85]; [27, 27,85]; [28, 28,85]; >","<[0,0]; [1,1]; [2,2]; [3,3]; [4,4]; [5,5]; [6,6]; [7,7]; [8,8]; [9,9]; [10,10]; [11,11]; [12,12]; [13,13]; [14,14]; [15,15]; [16,16]; [17,17]; [18,18]; [19,19]; [20,20]; [21,21]; [22,22]; [23,23]; [24,24]; [25,25]; [26,26]; [27,27]; [28,28]; >",2900340,85,
3E6xrwgnVfYCrCs0ePERDz,Wisin,"latin,latin hip hop,reggaeton,trap latino,tropical","<[0, 0,6504301]; [1, 1,6508403]; [2, 2,6512123]; [3, 3,6516208]; [4, 4,6520136]; [5, 5,6523649]; [6, 6,6527231]; [7, 7,6530846]; [8, 8,6534373]; [9, 9,6538077]; [10, 10,6541374]; [11, 11,6544581]; [12, 12,6547546]; [13, 13,6550795]; [14, 14,6554472]; [15, 15,6557937]; [16, 16,6561651]; [17, 17,6565184]; [18, 18,6568766]; [19, 19,6572211]; [20, 20,6575573]; [21, 21,6579071]; [22, 22,6582577]; [23, 23,6586083]; [24, 24,6589538]; [25, 25,6592838]; [26, 26,6596115]; [27, 27,6599736]; [28, 28,6603198]; >","<[0, 0,87]; [1, 1,87]; [2, 2,87]; [3, 3,87]; [4, 4,87]; [5, 5,87]; [6, 6,87]; [7, 7,87]; [8, 8,87]; [9, 9,87]; [10, 10,87]; [11, 11,87]; [12, 12,87]; [13, 13,87]; [14, 14,87]; [15, 15,87]; [16, 16,87]; [17, 17,87]; [18, 18,87]; [19, 19,87]; [20, 20,87]; [21, 21,87]; [22, 22,87]; [23, 23,88]; [24, 24,88]; [25, 25,88]; [26, 26,88]; [27, 27,88]; [28, 28,88]; >","<[0,0]; [1,1]; [2,2]; [3,3]; [4,4]; [5,5]; [6,6]; [7,7]; [8,8]; [9,9]; [10,10]; [11,11]; [12,12]; [13,13]; [14,14]; [15,15]; [16,16]; [17,17]; [18,18]; [19,19]; [20,20]; [21,21]; [22,22]; [23,23]; [24,24]; [25,25]; [26,26]; [27,27]; [28,28]; >",6603198,88,
2o08sCWF5yyo2G4DCiT7T9,HVME,"slap house","<[0, 0,27520]; [1, 1,27682]; [2, 2,27789]; [3, 3,27910]; [4, 4,28065]; [5, 5,28199]; [6, 6,28327]; [7, 7,28474]; [8, 8,28641]; [9, 9,28796]; [10, 10,28950]; [11, 11,29094]; [12, 12,29231]; [13, 13,29403]; [14, 14,29549]; [15, 15,29722]; [16, 16,29875]; [17, 17,29994]; [18, 18,30133]; [19, 19,30261]; [20, 20,30372]; [21, 21,30491]; [22, 22,30606]; [23, 23,30733]; [24, 24,30876]; [25, 25,31001]; [26, 26,31128]; [27, 27,31251]; [28, 28,31373]; >","<[0, 0,82]; [1, 1,82]; [2, 2,82]; [3, 3,82]; [4, 4,82]; [5, 5,82]; [6, 6,82]; [7, 7,82]; [8, 8,82]; [9, 9,82]; [10, 10,82]; [11, 11,82]; [12, 12,82]; [13, 13,82]; [14, 14,82]; [15, 15,81]; [16, 16,81]; [17, 17,81]; [18, 18,81]; [19, 19,81]; [20, 20,81]; [21, 21,81]; [22, 22,81]; [23, 23,81]; [24, 24,81]; [25, 25,81]; [26, 26,81]; [27, 27,81]; [28, 28,81]; >","<[0,0]; [1,1]; [2,2]; [3,3]; [4,4]; [5,5]; [6,6]; [7,7]; [8,8]; [9,9]; [10,10]; [11,11]; [12,12]; [13,13]; [14,14]; [15,15]; [16,16]; [17,17]; [18,18]; [19,19]; [20,20]; [21,21]; [22,22]; [23,23]; [24,24]; [25,25]; [26,26]; [27,27]; [28,28]; >",31373,81,
3TVXtAsR1Inumwj472S9r4,Drake,"canadian hip hop,canadian pop,hip hop,pop rap,rap,toronto rap","<[0, 0,53806406]; [1, 1,53838105]; [2, 2,53870457]; [3, 3,53904363]; [4, 4,53937541]; [5, 5,53969072]; [6, 6,53872780]; [7, 7,53904752]; [8, 8,53936003]; [9, 9,53965947]; [10, 10,53999798]; [11, 11,54030488]; [12, 12,54059354]; [13, 13,54085239]; [14, 14,54111075]; [15, 15,54142733]; [16, 16,54176648]; [24, 24,54407446]; [25, 25,54416812]; [26, 26,54379028]; [27, 27,54405324]; [28, 28,54432282]; >","<[0, 0,100]; [1, 1,100]; [2, 2,100]; [3, 3,100]; [4, 4,100]; [5, 5,99]; [6, 6,99]; [7, 7,99]; [8, 8,99]; [9, 9,99]; [10, 10,99]; [11, 11,99]; [12, 12,99]; [13, 13,99]; [14, 14,99]; [15, 15,98]; [16, 16,98]; [24, 24,98]; [25, 25,98]; [26, 26,98]; [27, 27,98]; [28, 28,98]; >","<[0,0]; [1,1]; [2,2]; [3,3]; [4,4]; [5,5]; [6,6]; [7,7]; [8,8]; [9,9]; [10,10]; [11,11]; [12,12]; [13,13]; [14,14]; [15,15]; [16,16]; [24,24]; [25,25]; [26,26]; [27,27]; [28,28]; >",54432282,98,
0n6sKrG0xKAf8xmdqeNGke,Los Legendarios,"reggaeton,reggaeton flow,trap latino,tropical","<[0, 0,7504]; [1, 1,7657]; [2, 2,7799]; [3, 3,7968]; [4, 4,8162]; [5, 5,8296]; [6, 6,8493]; [7, 7,8699]; [8, 8,8858]; [9, 9,9136]; [10, 10,9311]; [11, 11,9498]; [12, 12,9649]; [13, 13,9846]; [14, 14,10100]; [15, 15,10370]; [16, 16,10585]; [17, 17,10814]; [18, 18,11041]; [19, 19,11223]; [20, 20,11406]; [21, 21,11617]; [22, 22,11809]; [23, 23,12001]; [24, 24,12177]; [25, 25,12369]; [26, 26,12534]; [27, 27,12728]; [28, 28,13016]; >","<[0, 0,82]; [1, 1,83]; [2, 2,83]; [3, 3,83]; [4, 4,83]; [5, 5,83]; [6, 6,83]; [7, 7,83]; [8, 8,83]; [9, 9,83]; [10, 10,83]; [11, 11,83]; [12, 12,83]; [13, 13,83]; [14, 14,83]; [15, 15,83]; [16, 16,83]; [17, 17,83]; [18, 18,83]; [19, 19,84]; [20, 20,84]; [21, 21,84]; [22, 22,84]; [23, 23,84]; [24, 24,84]; [25, 25,84]; [26, 26,84]; [27, 27,84]; [28, 28,84]; >","<[0,0]; [1,1]; [2,2]; [3,3]; [4,4]; [5,5]; [6,6]; [7,7]; [8,8]; [9,9]; [10,10]; [11,11]; [12,12]; [13,13]; [14,14]; [15,15]; [16,16]; [17,17]; [18,18]; [19,19]; [20,20]; [21,21]; [22,22]; [23,23]; [24,24]; [25,25]; [26,26]; [27,27]; [28,28]; >",13016,84,
6jGMq4yGs7aQzuGsMgVgZR,Lil Tjay,"brooklyn drill,melodic rap,nyc rap","<[0, 0,2706692]; [1, 1,2715184]; [2, 2,2722214]; [3, 3,2730714]; [4, 4,2738270]; [5, 5,2744797]; [6, 6,2751779]; [7, 7,2759037]; [8, 8,2766805]; [9, 9,2774773]; [10, 10,2786946]; [11, 11,2795363]; [12, 12,2802443]; [13, 13,2809396]; [14, 14,2816131]; [15, 15,2824339]; [16, 16,2832096]; [17, 17,2840906]; [18, 18,2848834]; [19, 19,2855757]; [20, 20,2862639]; [21, 21,2869322]; [22, 22,2876172]; [23, 23,2882573]; [24, 24,2889175]; [25, 25,2895273]; [26, 26,2901324]; [27, 27,2907601]; [28, 28,2913990]; >","<[0, 0,90]; [1, 1,90]; [2, 2,90]; [3, 3,90]; [4, 4,90]; [5, 5,90]; [6, 6,90]; [7, 7,90]; [8, 8,90]; [9, 9,90]; [10, 10,90]; [11, 11,90]; [12, 12,90]; [13, 13,90]; [14, 14,90]; [15, 15,90]; [16, 16,91]; [17, 17,91]; [18, 18,91]; [19, 19,91]; [20, 20,91]; [21, 21,91]; [22, 22,91]; [23, 23,91]; [24, 24,91]; [25, 25,91]; [26, 26,91]; [27, 27,91]; [28, 28,91]; >","<[0,0]; [1,1]; [2,2]; [3,3]; [4,4]; [5,5]; [6,6]; [7,7]; [8,8]; [9,9]; [10,10]; [11,11]; [12,12]; [13,13]; [14,14]; [15,15]; [16,16]; [17,17]; [18,18]; [19,19]; [20,20]; [21,21]; [22,22]; [23,23]; [24,24]; [25,25]; [26,26]; [27,27]; [28,28]; >",2913990,91,
3klZnJvYGIbWritVwQD434,Duncan Laurence,"dutch pop","<[0, 0,158780]; [1, 1,159777]; [2, 2,160648]; [3, 3,161594]; [4, 4,162585]; [5, 5,163390]; [6, 6,164242]; [7, 7,165146]; [8, 8,166036]; [9, 9,166903]; [10, 10,167704]; [11, 11,168651]; [12, 12,169415]; [13, 13,170316]; [14, 14,171266]; [15, 15,172180]; [16, 16,173028]; [17, 17,173909]; [18, 18,174929]; [19, 19,175841]; [20, 20,176751]; [21, 21,177709]; [22, 22,178580]; [23, 23,179481]; [24, 24,180444]; [25, 25,181450]; [26, 26,182328]; [27, 27,183232]; [28, 28,184201]; >","<[0, 0,80]; [1, 1,80]; [2, 2,80]; [3, 3,80]; [4, 4,80]; [5, 5,80]; [6, 6,80]; [7, 7,80]; [8, 8,80]; [9, 9,80]; [10, 10,80]; [11, 11,80]; [12, 12,80]; [13, 13,80]; [14, 14,80]; [15, 15,80]; [16, 16,80]; [17, 17,80]; [18, 18,80]; [19, 19,80]; [20, 20,80]; [21, 21,80]; [22, 22,80]; [23, 23,80]; [24, 24,80]; [25, 25,80]; [26, 26,80]; [27, 27,80]; [28, 28,80]; >","<[0,0]; [1,1]; [2,2]; [3,3]; [4,4]; [5,5]; [6,6]; [7,7]; [8,8]; [9,9]; [10,10]; [11,11]; [12,12]; [13,13]; [14,14]; [15,15]; [16,16]; [17,17]; [18,18]; [19,19]; [20,20]; [21,21]; [22,22]; [23,23]; [24,24]; [25,25]; [26,26]; [27,27]; [28,28]; >",184201,80,
7ltDVBr6mKbRvohxheJ9h1,ROSALÍA,"r&b en espanol","<[0, 0,4631366]; [1, 1,4633157]; [2, 2,4634624]; [3, 3,4636444]; [4, 4,4638109]; [5, 5,4639656]; [6, 6,4641225]; [7, 7,4642717]; [8, 8,4644232]; [9, 9,4645588]; [10, 10,4647096]; [11, 11,4648487]; [12, 12,4649842]; [13, 13,4651246]; [14, 14,4652761]; [15, 15,4654136]; [16, 16,4655535]; [17, 17,4656980]; [18, 18,4658430]; [19, 19,4659901]; [20, 20,4661170]; [21, 21,4662435]; [22, 22,4663782]; [23, 23,4665134]; [24, 24,4666520]; [25, 25,4667979]; [26, 26,4669235]; [27, 27,4670655]; [28, 28,4672043]; >","<[0, 0,87]; [1, 1,87]; [2, 2,87]; [3, 3,87]; [4, 4,87]; [5, 5,87]; [6, 6,87]; [7, 7,87]; [8, 8,87]; [9, 9,87]; [10, 10,86]; [11, 11,86]; [12, 12,86]; [13, 13,86]; [14, 14,86]; [15, 15,86]; [16, 16,86]; [17, 17,86]; [18, 18,86]; [19, 19,86]; [20, 20,86]; [21, 21,85]; [22, 22,85]; [23, 23,85]; [24, 24,85]; [25, 25,85]; [26, 26,85]; [27, 27,85]; [28, 28,85]; >","<[0,0]; [1,1]; [2,2]; [3,3]; [4,4]; [5,5]; [6,6]; [7,7]; [8,8]; [9,9]; [10,10]; [11,11]; [12,12]; [13,13]; [14,14]; [15,15]; [16,16]; [17,17]; [18,18]; [19,19]; [20,20]; [21,21]; [22,22]; [23,23]; [24,24]; [25,25]; [26,26]; [27,27]; [28,28]; >",4672043,85,
2UZIAOlrnyZmyzt1nuXr9y,Nicki Nicole,"argentine hip hop,r&b argentino,trap argentino,trap latino","<[0, 0,1250798]; [1, 1,1254940]; [2, 2,1259019]; [3, 3,1263547]; [4, 4,1267297]; [5, 5,1270581]; [6, 6,1273996]; [7, 7,1277689]; [8, 8,1280899]; [9, 9,1283984]; [10, 10,1286939]; [11, 11,1289819]; [12, 12,1292404]; [13, 13,1295627]; [14, 14,1298700]; [15, 15,1302024]; [16, 16,1305161]; [17, 17,1308228]; [18, 18,1311357]; [19, 19,1314119]; [20, 20,1317324]; [21, 21,1320457]; [22, 22,1323365]; [23, 23,1326494]; [24, 24,1329289]; [25, 25,1331950]; [26, 26,1334477]; [27, 27,1337220]; [28, 28,1340131]; >","<[0, 0,83]; [1, 1,83]; [2, 2,83]; [3, 3,83]; [4, 4,83]; [5, 5,83]; [6, 6,83]; [7, 7,83]; [8, 8,83]; [9, 9,83]; [10, 10,83]; [11, 11,83]; [12, 12,83]; [13, 13,83]; [14, 14,83]; [15, 15,82]; [16, 16,82]; [17, 17,82]; [18, 18,82]; [19, 19,82]; [20, 20,82]; [21, 21,82]; [22, 22,82]; [23, 23,82]; [24, 24,82]; [25, 25,82]; [26, 26,82]; [27, 27,82]; [28, 28,82]; >","<[0,0]; [1,1]; [2,2]; [3,3]; [4,4]; [5,5]; [6,6]; [7,7]; [8,8]; [9,9]; [10,10]; [11,11]; [12,12]; [13,13]; [14,14]; [15,15]; [16,16]; [17,17]; [18,18]; [19,19]; [20,20]; [21,21]; [22,22]; [23,23]; [24,24]; [25,25]; [26,26]; [27,27]; [28,28]; >",1340131,82,
5PoZtBo8xZKqPWlZrIDq82,Billen Ted,"","<[0, 0,1020]; [1, 1,1035]; [2, 2,1052]; [3, 3,1067]; [4, 4,1087]; [5, 5,1100]; [6, 6,1112]; [7, 7,1126]; [8, 8,1147]; [9, 9,1157]; [10, 10,1179]; [11, 11,1190]; [12, 12,1194]; [13, 13,1211]; [14, 14,1227]; [15, 15,1240]; [16, 16,1260]; [19, 19,1325]; [20, 20,1347]; [21, 21,1364]; [22, 22,1381]; [23, 23,1394]; [24, 24,1414]; [25, 25,1425]; >","<[0, 0,78]; [1, 1,78]; [2, 2,78]; [3, 3,78]; [4, 4,79]; [5, 5,79]; [6, 6,78]; [7, 7,78]; [8, 8,78]; [9, 9,78]; [10, 10,78]; [11, 11,78]; [12, 12,78]; [13, 13,78]; [14, 14,78]; [15, 15,78]; [16, 16,78]; [19, 19,78]; [20, 20,78]; [21, 21,78]; [22, 22,78]; [23, 23,78]; [24, 24,78]; [25, 25,78]; >","<[0,0]; [1,1]; [2,2]; [3,3]; [4,4]; [5,5]; [6,6]; [7,7]; [8,8]; [9,9]; [10,10]; [11,11]; [12,12]; [13,13]; [14,14]; [15,15]; [16,16]; [19,19]; [20,20]; [21,21]; [22,22]; [23,23]; [24,24]; [25,25]; >",1425,78,
2LmcxBak1alK1bf7d1beTr,Juhn,"reggaeton,reggaeton flow,trap latino","<[0, 0,679022]; [1, 1,679723]; [2, 2,680457]; [3, 3,681249]; [4, 4,681955]; [5, 5,682647]; [6, 6,683346]; [7, 7,684139]; [8, 8,684713]; [9, 9,685355]; [10, 10,685908]; [11, 11,686460]; [12, 12,687040]; [13, 13,687808]; [14, 14,688511]; [15, 15,689169]; [16, 16,689767]; [17, 17,690374]; [18, 18,690939]; [19, 19,691421]; [20, 20,691960]; [21, 21,692556]; [22, 22,693142]; [23, 23,693708]; [24, 24,694349]; [25, 25,694929]; [26, 26,695507]; [27, 27,696268]; [28, 28,696886]; >","<[0, 0,84]; [1, 1,84]; [2, 2,84]; [3, 3,84]; [4, 4,84]; [5, 5,84]; [6, 6,84]; [7, 7,84]; [8, 8,84]; [9, 9,84]; [10, 10,84]; [11, 11,83]; [12, 12,83]; [13, 13,83]; [14, 14,83]; [15, 15,83]; [16, 16,83]; [17, 17,83]; [18, 18,83]; [19, 19,83]; [20, 20,83]; [21, 21,83]; [22, 22,83]; [23, 23,83]; [24, 24,83]; [25, 25,83]; [26, 26,83]; [27, 27,83]; [28, 28,83]; >","<[0,0]; [1,1]; [2,2]; [3,3]; [4,4]; [5,5]; [6,6]; [7,7]; [8,8]; [9,9]; [10,10]; [11,11]; [12,12]; [13,13]; [14,14]; [15,15]; [16,16]; [17,17]; [18,18]; [19,19]; [20,20]; [21,21]; [22,22]; [23,23]; [24,24]; [25,25]; [26,26]; [27,27]; [28,28]; >",696886,83,
7arQA31aZVS8yS6zUveWzb,CJ,"trap","<[0, 0,117557]; [1, 1,118251]; [2, 2,118985]; [3, 3,119988]; [4, 4,120882]; [5, 5,121526]; [6, 6,122205]; [7, 7,123028]; [8, 8,123740]; [9, 9,124549]; [10, 10,125404]; [11, 11,126231]; [12, 12,126878]; [13, 13,127597]; [14, 14,128437]; >","<[0, 0,81]; [1, 1,81]; [2, 2,81]; [3, 3,81]; [4, 4,81]; [5, 5,81]; [6, 6,81]; [7, 7,81]; [8, 8,81]; [9, 9,81]; [10, 10,81]; [11, 11,80]; [12, 12,80]; [13, 13,80]; [14, 14,80]; >","<[0,0]; [1,1]; [2,2]; [3,3]; [4,4]; [5,5]; [6,6]; [7,7]; [8,8]; [9,9]; [10,10]; [11,11]; [12,12]; [13,13]; [14,14]; >",128437,80,
4Euia7UzdRshy1DJOSMTcs,220 KID,"pop dance","<[0, 0,8708]; [1, 1,8752]; [2, 2,8787]; [3, 3,8825]; [4, 4,8872]; [5, 5,8894]; [6, 6,8922]; [7, 7,8957]; [8, 8,8991]; [9, 9,9029]; [10, 10,9060]; [11, 11,9090]; [12, 12,9115]; [13, 13,9146]; [14, 14,9175]; [15, 15,9199]; [16, 16,9240]; [19, 19,9330]; [20, 20,9357]; [21, 21,9376]; [22, 22,9411]; [23, 23,9430]; [24, 24,9459]; [25, 25,9496]; >","<[0, 0,79]; [1, 1,79]; [2, 2,79]; [3, 3,79]; [4, 4,79]; [5, 5,79]; [6, 6,79]; [7, 7,79]; [8, 8,79]; [9, 9,79]; [10, 10,79]; [11, 11,79]; [12, 12,79]; [13, 13,79]; [14, 14,79]; [15, 15,79]; [16, 16,79]; [19, 19,79]; [20, 20,79]; [21, 21,78]; [22, 22,78]; [23, 23,78]; [24, 24,78]; [25, 25,78]; >","<[0,0]; [1,1]; [2,2]; [3,3]; [4,4]; [5,5]; [6,6]; [7,7]; [8,8]; [9,9]; [10,10]; [11,11]; [12,12]; [13,13]; [14,14]; [15,15]; [16,16]; [19,19]; [20,20]; [21,21]; [22,22]; [23,23]; [24,24]; [25,25]; >",9496,78,
3eVa5w3URK5duf6eyVDbu9,ROSÉ,"","<[0, 0,523085]; [1, 1,529891]; [2, 2,536469]; [3, 3,542070]; [4, 4,547192]; [5, 5,552177]; [6, 6,557189]; [7, 7,562455]; [8, 8,567624]; [9, 9,572108]; [13, 13,593246]; [14, 14,598114]; [15, 15,603227]; >","<[0, 0,80]; [1, 1,80]; [2, 2,81]; [3, 3,81]; [4, 4,81]; [5, 5,81]; [6, 6,81]; [7, 7,81]; [8, 8,81]; [9, 9,81]; [13, 13,80]; [14, 14,80]; [15, 15,80]; >","<[0,0]; [1,1]; [2,2]; [3,3]; [4,4]; [5,5]; [6,6]; [7,7]; [8,8]; [9,9]; [13,13]; [14,14]; [15,15]; >",603227,80,
6fWVd57NKTalqvmjRd2t8Z,24kGoldn,"cali rap","<[0, 0,877920]; [1, 1,881564]; [2, 2,885063]; [3, 3,892051]; [4, 4,898180]; [5, 5,902698]; [6, 6,907033]; [7, 7,911205]; [8, 8,915327]; [9, 9,919408]; [10, 10,924006]; [11, 11,928077]; [12, 12,931773]; [13, 13,935329]; [14, 14,938873]; [15, 15,942531]; [16, 16,945867]; [17, 17,949360]; [18, 18,952861]; [19, 19,956249]; [20, 20,959612]; [21, 21,962662]; [22, 22,965765]; [23, 23,968583]; [24, 24,971848]; [25, 25,975121]; [26, 26,978295]; [27, 27,981370]; [28, 28,984290]; >","<[0, 0,88]; [1, 1,88]; [2, 2,88]; [3, 3,88]; [4, 4,88]; [5, 5,88]; [6, 6,88]; [7, 7,88]; [8, 8,88]; [9, 9,87]; [10, 10,87]; [11, 11,87]; [12, 12,87]; [13, 13,87]; [14, 14,87]; [15, 15,87]; [16, 16,87]; [17, 17,87]; [18, 18,87]; [19, 19,87]; [20, 20,87]; [21, 21,87]; [22, 22,87]; [23, 23,87]; [24, 24,87]; [25, 25,87]; [26, 26,87]; [27, 27,87]; [28, 28,87]; >","<[0,0]; [1,1]; [2,2]; [3,3]; [4,4]; [5,5]; [6,6]; [7,7]; [8,8]; [9,9]; [10,10]; [11,11]; [12,12]; [13,13]; [14,14]; [15,15]; [16,16]; [17,17]; [18,18]; [19,19]; [20,20]; [21,21]; [22,22]; [23,23]; [24,24]; [25,25]; [26,26]; [27,27]; [28,28]; >",984290,87,
0C8ZW7ezQVs4URX5aX7Kqx,Selena Gomez,"dance pop,pop,pop dance,post-teen pop","<[0, 0,26161775]; [1, 1,26185928]; [2, 2,26208520]; [3, 3,26231925]; [4, 4,26256731]; [5, 5,26279592]; [6, 6,26296383]; [7, 7,26318290]; [8, 8,26339809]; [9, 9,26361274]; [10, 10,26383735]; [11, 11,26403971]; [12, 12,26423949]; [13, 13,26443510]; [14, 14,26463821]; [15, 15,26484046]; [16, 16,26504229]; [17, 17,26525276]; [18, 18,26548483]; [19, 19,26570277]; [20, 20,26590202]; [21, 21,26610707]; [22, 22,26630921]; [23, 23,26650794]; [24, 24,26672157]; [25, 25,26692413]; [26, 26,26704799]; [27, 27,26725031]; [28, 28,26744202]; >","<[0, 0,91]; [1, 1,91]; [2, 2,91]; [3, 3,91]; [4, 4,91]; [5, 5,91]; [6, 6,91]; [7, 7,91]; [8, 8,90]; [9, 9,90]; [10, 10,90]; [11, 11,90]; [12, 12,90]; [13, 13,90]; [14, 14,90]; [15, 15,90]; [16, 16,90]; [17, 17,90]; [18, 18,90]; [19, 19,90]; [20, 20,89]; [21, 21,89]; [22, 22,89]; [23, 23,89]; [24, 24,89]; [25, 25,89]; [26, 26,89]; [27, 27,89]; [28, 28,89]; >","<[0,0]; [1,1]; [2,2]; [3,3]; [4,4]; [5,5]; [6,6]; [7,7]; [8,8]; [9,9]; [10,10]; [11,11]; [12,12]; [13,13]; [14,14]; [15,15]; [16,16]; [17,17]; [18,18]; [19,19]; [20,20]; [21,21]; [22,22]; [23,23]; [24,24]; [25,25]; [26,26]; [27,27]; [28,28]; >",26744202,89,
3Edve4VIATi0OZngclQlkN,Dopamine,"","<[0, 0,301]; [1, 1,305]; [2, 2,314]; [3, 3,321]; [4, 4,325]; [5, 5,332]; [6, 6,337]; [7, 7,343]; [8, 8,350]; [9, 9,359]; [10, 10,364]; [11, 11,370]; [12, 12,379]; [13, 13,385]; [14, 14,399]; [15, 15,402]; [16, 16,412]; [17, 17,417]; [18, 18,421]; [19, 19,434]; [20, 20,445]; [21, 21,455]; [22, 22,460]; [23, 23,474]; [24, 24,480]; [25, 25,496]; [26, 26,503]; [27, 27,509]; [28, 28,515]; >","<[0, 0,78]; [1, 1,78]; [2, 2,78]; [3, 3,78]; [4, 4,78]; [5, 5,79]; [6, 6,79]; [7, 7,79]; [8, 8,79]; [9, 9,79]; [10, 10,79]; [11, 11,79]; [12, 12,79]; [13, 13,79]; [14, 14,79]; [15, 15,79]; [16, 16,79]; [17, 17,79]; [18, 18,79]; [19, 19,79]; [20, 20,79]; [21, 21,79]; [22, 22,79]; [23, 23,80]; [24, 24,80]; [25, 25,80]; [26, 26,80]; [27, 27,80]; [28, 28,80]; >","<[0,0]; [1,1]; [2,2]; [3,3]; [4,4]; [5,5]; [6,6]; [7,7]; [8,8]; [9,9]; [10,10]; [11,11]; [12,12]; [13,13]; [14,14]; [15,15]; [16,16]; [17,17]; [18,18]; [19,19]; [20,20]; [21,21]; [22,22]; [23,23]; [24,24]; [25,25]; [26,26]; [27,27]; [28,28]; >",515,80,
0xRXCcSX89eobfrshSVdyu,MEDUZA,"edm,pop dance,pop house,tropical house","<[0, 0,396296]; [1, 1,396767]; [2, 2,397135]; [3, 3,397638]; [4, 4,398149]; [5, 5,398580]; [6, 6,398962]; [7, 7,399452]; [8, 8,399895]; [9, 9,400347]; [10, 10,400722]; [11, 11,401114]; [16, 16,402912]; [21, 21,405926]; [22, 22,406280]; [23, 23,406658]; [24, 24,407032]; [25, 25,407425]; >","<[0, 0,84]; [1, 1,84]; [2, 2,84]; [3, 3,84]; [4, 4,84]; [5, 5,84]; [6, 6,84]; [7, 7,84]; [8, 8,83]; [9, 9,83]; [10, 10,83]; [11, 11,83]; [16, 16,83]; [21, 21,83]; [22, 22,83]; [23, 23,82]; [24, 24,82]; [25, 25,82]; >","<[0,0]; [1,1]; [2,2]; [3,3]; [4,4]; [5,5]; [6,6]; [7,7]; [8,8]; [9,9]; [10,10]; [11,11]; [16,16]; [21,21]; [22,22]; [23,23]; [24,24]; [25,25]; >",407425,82,
5Wg2b4Mp42gicxEeDNawf7,A7S,"scandipop","<[0, 0,16611]; [1, 1,16643]; [2, 2,16632]; [3, 3,16705]; [4, 4,16757]; [5, 5,16815]; [6, 6,16868]; [7, 7,16919]; [8, 8,16970]; [9, 9,17016]; [10, 10,17060]; [11, 11,17121]; [12, 12,17161]; [13, 13,17208]; [14, 14,17250]; [15, 15,17302]; [16, 16,17335]; [17, 17,17373]; [18, 18,17410]; [19, 19,17445]; [20, 20,17494]; [21, 21,17553]; [22, 22,17582]; [23, 23,17616]; [24, 24,17667]; [25, 25,17709]; [26, 26,17746]; [27, 27,17791]; [28, 28,17828]; >","<[0, 0,83]; [1, 1,83]; [2, 2,83]; [3, 3,83]; [4, 4,83]; [5, 5,83]; [6, 6,83]; [7, 7,83]; [8, 8,83]; [9, 9,83]; [10, 10,83]; [11, 11,83]; [12, 12,83]; [13, 13,83]; [14, 14,82]; [15, 15,82]; [16, 16,82]; [17, 17,82]; [18, 18,82]; [19, 19,82]; [20, 20,82]; [21, 21,82]; [22, 22,82]; [23, 23,82]; [24, 24,82]; [25, 25,82]; [26, 26,82]; [27, 27,82]; [28, 28,82]; >","<[0,0]; [1,1]; [2,2]; [3,3]; [4,4]; [5,5]; [6,6]; [7,7]; [8,8]; [9,9]; [10,10]; [11,11]; [12,12]; [13,13]; [14,14]; [15,15]; [16,16]; [17,17]; [18,18]; [19,19]; [20,20]; [21,21]; [22,22]; [23,23]; [24,24]; [25,25]; [26,26]; [27,27]; [28,28]; >",17828,82,
6ASri4ePR7RlsvIQgWPJpS,iann dior,"melodic rap,pop rap","<[0, 0,1052786]; [1, 1,1054457]; [2, 2,1055761]; [3, 3,1057734]; [4, 4,1059827]; [5, 5,1061560]; [6, 6,1063490]; [7, 7,1065558]; [8, 8,1067704]; [9, 9,1069856]; [10, 10,1072113]; [11, 11,1074132]; [12, 12,1075874]; [13, 13,1077744]; [14, 14,1079662]; [15, 15,1081548]; [16, 16,1083454]; [17, 17,1085460]; [18, 18,1087544]; [19, 19,1089777]; [20, 20,1091701]; [21, 21,1093477]; [22, 22,1095292]; [23, 23,1097206]; [24, 24,1100684]; [25, 25,1102715]; [26, 26,1105053]; [27, 27,1107478]; [28, 28,1109827]; >","<[0, 0,88]; [1, 1,88]; [2, 2,88]; [3, 3,88]; [4, 4,88]; [5, 5,88]; [6, 6,88]; [7, 7,88]; [8, 8,88]; [9, 9,87]; [10, 10,87]; [11, 11,87]; [12, 12,87]; [13, 13,87]; [14, 14,87]; [15, 15,87]; [16, 16,87]; [17, 17,87]; [18, 18,87]; [19, 19,87]; [20, 20,87]; [21, 21,87]; [22, 22,87]; [23, 23,87]; [24, 24,87]; [25, 25,87]; [26, 26,87]; [27, 27,87]; [28, 28,87]; >","<[0,0]; [1,1]; [2,2]; [3,3]; [4,4]; [5,5]; [6,6]; [7,7]; [8,8]; [9,9]; [10,10]; [11,11]; [12,12]; [13,13]; [14,14]; [15,15]; [16,16]; [17,17]; [18,18]; [19,19]; [20,20]; [21,21]; [22,22]; [23,23]; [24,24]; [25,25]; [26,26]; [27,27]; [28,28]; >",1109827,87,
2tIP7SsRs7vjIcLrU85W8J,The Kid LAROI,"australian hip hop","<[0, 0,1512243]; [1, 1,1517923]; [2, 2,1523261]; [3, 3,1528625]; [4, 4,1534013]; [5, 5,1538807]; [6, 6,1544200]; [7, 7,1549680]; [8, 8,1554801]; [9, 9,1559515]; [10, 10,1564369]; [11, 11,1568975]; [12, 12,1572626]; [13, 13,1576765]; [14, 14,1580638]; [15, 15,1584764]; [16, 16,1588916]; [17, 17,1593734]; [18, 18,1597846]; [19, 19,1601849]; [20, 20,1605707]; [21, 21,1609422]; [22, 22,1613275]; [23, 23,1617176]; [24, 24,1621029]; [25, 25,1624015]; [26, 26,1627285]; [27, 27,1631269]; [28, 28,1635393]; >","<[0, 0,91]; [1, 1,91]; [2, 2,91]; [3, 3,91]; [4, 4,91]; [5, 5,91]; [6, 6,91]; [7, 7,91]; [8, 8,91]; [9, 9,91]; [10, 10,91]; [11, 11,91]; [12, 12,90]; [13, 13,90]; [14, 14,90]; [15, 15,90]; [16, 16,90]; [17, 17,90]; [18, 18,90]; [19, 19,90]; [20, 20,90]; [21, 21,90]; [22, 22,90]; [23, 23,90]; [24, 24,90]; [25, 25,90]; [26, 26,90]; [27, 27,90]; [28, 28,90]; >","<[0,0]; [1,1]; [2,2]; [3,3]; [4,4]; [5,5]; [6,6]; [7,7]; [8,8]; [9,9]; [10,10]; [11,11]; [12,12]; [13,13]; [14,14]; [15,15]; [16,16]; [17,17]; [18,18]; [19,19]; [20,20]; [21,21]; [22,22]; [23,23]; [24,24]; [25,25]; [26,26]; [27,27]; [28,28]; >",1635393,90,
7i9j813KFoSBMldGqlh2Z1,Riton,"house,pop dance,tropical house,uk dance","<[0, 0,66093]; [1, 1,66200]; [2, 2,66196]; [3, 3,66382]; [4, 4,66544]; [5, 5,66711]; [6, 6,66852]; [7, 7,66968]; [8, 8,67086]; [9, 9,67226]; [10, 10,67442]; [11, 11,67620]; [12, 12,67777]; [13, 13,67944]; [14, 14,68092]; [15, 15,68257]; [16, 16,68399]; [17, 17,68581]; [18, 18,68713]; [19, 19,68865]; [20, 20,69006]; [21, 21,69136]; [22, 22,69257]; [23, 23,69390]; [24, 24,69555]; [25, 25,69716]; [26, 26,69859]; [27, 27,69992]; [28, 28,70218]; >","<[0, 0,80]; [1, 1,80]; [2, 2,80]; [3, 3,80]; [4, 4,80]; [5, 5,81]; [6, 6,80]; [7, 7,80]; [8, 8,80]; [9, 9,80]; [10, 10,81]; [11, 11,81]; [12, 12,81]; [13, 13,81]; [14, 14,81]; [15, 15,81]; [16, 16,81]; [17, 17,81]; [18, 18,81]; [19, 19,81]; [20, 20,81]; [21, 21,81]; [22, 22,81]; [23, 23,81]; [24, 24,81]; [25, 25,81]; [26, 26,81]; [27, 27,81]; [28, 28,81]; >","<[0,0]; [1,1]; [2,2]; [3,3]; [4,4]; [5,5]; [6,6]; [7,7]; [8,8]; [9,9]; [10,10]; [11,11]; [12,12]; [13,13]; [14,14]; [15,15]; [16,16]; [17,17]; [18,18]; [19,19]; [20,20]; [21,21]; [22,22]; [23,23]; [24,24]; [25,25]; [26,26]; [27,27]; [28,28]; >",70218,81,
0EFisYRi20PTADoJrifHrz,Jhay Cortez,"latin,reggaeton,trap latino","<[0, 0,1833434]; [1, 1,1837064]; [2, 2,1840581]; [3, 3,1844306]; [4, 4,1847709]; [5, 5,1850755]; [6, 6,1853511]; [7, 7,1857109]; [8, 8,1860430]; [9, 9,1863605]; [10, 10,1866816]; [11, 11,1869795]; [12, 12,1872425]; [13, 13,1875866]; [14, 14,1879465]; [15, 15,1882939]; [16, 16,1886559]; [17, 17,1890209]; [18, 18,1893453]; [19, 19,1896673]; [20, 20,1899824]; [21, 21,1903516]; [22, 22,1906891]; [23, 23,1910673]; [24, 24,1914184]; [25, 25,1917151]; [26, 26,1920126]; [27, 27,1923429]; [28, 28,1927032]; >","<[0, 0,90]; [1, 1,90]; [2, 2,90]; [3, 3,90]; [4, 4,90]; [5, 5,90]; [6, 6,90]; [7, 7,90]; [8, 8,90]; [9, 9,90]; [10, 10,90]; [11, 11,90]; [12, 12,90]; [13, 13,90]; [14, 14,90]; [15, 15,90]; [16, 16,90]; [17, 17,90]; [18, 18,90]; [19, 19,90]; [20, 20,90]; [21, 21,90]; [22, 22,90]; [23, 23,90]; [24, 24,90]; [25, 25,90]; [26, 26,90]; [27, 27,90]; [28, 28,90]; >","<[0,0]; [1,1]; [2,2]; [3,3]; [4,4]; [5,5]; [6,6]; [7,7]; [8,8]; [9,9]; [10,10]; [11,11]; [12,12]; [13,13]; [14,14]; [15,15]; [16,16]; [17,17]; [18,18]; [19,19]; [20,20]; [21,21]; [22,22]; [23,23]; [24,24]; [25,25]; [26,26]; [27,27]; [28,28]; >",1927032,90,
66CXWjxzNUsdJxJ2JdwvnR,Ariana Grande,"dance pop,pop,post-teen pop","<[0, 0,60010425]; [1, 1,60071789]; [2, 2,60132022]; [3, 3,60193979]; [4, 4,60256366]; [5, 5,60316859]; [6, 6,60264524]; [7, 7,60322035]; [8, 8,60377901]; [9, 9,60434634]; [10, 10,60491862]; [11, 11,60547789]; [12, 12,60602145]; [13, 13,60654619]; [14, 14,60708304]; [15, 15,60762233]; [16, 16,60818543]; [17, 17,60875941]; [18, 18,60931760]; [19, 19,60986881]; [20, 20,61037138]; [21, 21,61087412]; [22, 22,61140352]; [23, 23,61193334]; [26, 26,61333745]; [27, 27,61390454]; [28, 28,61444303]; >","<[0, 0,97]; [1, 1,97]; [2, 2,97]; [3, 3,97]; [4, 4,97]; [5, 5,97]; [6, 6,96]; [7, 7,96]; [8, 8,96]; [9, 9,96]; [10, 10,96]; [11, 11,96]; [12, 12,96]; [13, 13,96]; [14, 14,96]; [15, 15,96]; [16, 16,96]; [17, 17,96]; [18, 18,96]; [19, 19,95]; [20, 20,95]; [21, 21,95]; [22, 22,95]; [23, 23,95]; [26, 26,95]; [27, 27,95]; [28, 28,95]; >","<[0,0]; [1,1]; [2,2]; [3,3]; [4,4]; [5,5]; [6,6]; [7,7]; [8,8]; [9,9]; [10,10]; [11,11]; [12,12]; [13,13]; [14,14]; [15,15]; [16,16]; [17,17]; [18,18]; [19,19]; [20,20]; [21,21]; [22,22]; [23,23]; [26,26]; [27,27]; [28,28]; >",61444303,95,
77ziqFxp5gaInVrF2lj4ht,Sech,"latin,panamanian pop,reggaeton,trap latino","<[0, 0,7624579]; [1, 1,7635617]; [2, 2,7646571]; [3, 3,7657582]; [4, 4,7668313]; [5, 5,7677348]; [6, 6,7686705]; [7, 7,7696857]; [8, 8,7706858]; [9, 9,7715722]; [10, 10,7724715]; [11, 11,7733123]; [12, 12,7740970]; [13, 13,7750249]; [14, 14,7759526]; [15, 15,7768711]; [16, 16,7779220]; [17, 17,7789872]; [18, 18,7799447]; [19, 19,7808061]; [20, 20,7817272]; [21, 21,7833107]; [22, 22,7841360]; [23, 23,7850078]; [24, 24,7858196]; [25, 25,7865082]; [26, 26,7871440]; [27, 27,7878088]; [28, 28,7885743]; >","<[0, 0,90]; [1, 1,90]; [2, 2,90]; [3, 3,90]; [4, 4,90]; [5, 5,90]; [6, 6,90]; [7, 7,90]; [8, 8,90]; [9, 9,90]; [10, 10,90]; [11, 11,90]; [12, 12,90]; [13, 13,90]; [14, 14,89]; [15, 15,89]; [16, 16,89]; [17, 17,89]; [18, 18,89]; [19, 19,89]; [20, 20,89]; [21, 21,89]; [22, 22,89]; [23, 23,89]; [24, 24,89]; [25, 25,89]; [26, 26,89]; [27, 27,89]; [28, 28,89]; >","<[0,0]; [1,1]; [2,2]; [3,3]; [4,4]; [5,5]; [6,6]; [7,7]; [8,8]; [9,9]; [10,10]; [11,11]; [12,12]; [13,13]; [14,14]; [15,15]; [16,16]; [17,17]; [18,18]; [19,19]; [20,20]; [21,21]; [22,22]; [23,23]; [24,24]; [25,25]; [26,26]; [27,27]; [28,28]; >",7885743,89,
790FomKkXshlbRYZFtlgla,KAROL G,"latin,reggaeton,reggaeton colombiano,trap latino","<[0, 0,15520733]; [1, 1,15539429]; [2, 2,15568002]; [3, 3,15592156]; [4, 4,15612660]; [5, 5,15632280]; [6, 6,15649812]; [7, 7,15669243]; [8, 8,15685590]; [9, 9,15702704]; [25, 25,15956320]; [26, 26,15970763]; [27, 27,15985784]; [28, 28,16002735]; >","<[0, 0,89]; [1, 1,89]; [2, 2,89]; [3, 3,89]; [4, 4,90]; [5, 5,90]; [6, 6,90]; [7, 7,90]; [8, 8,90]; [9, 9,90]; [25, 25,89]; [26, 26,90]; [27, 27,90]; [28, 28,90]; >","<[0,0]; [1,1]; [2,2]; [3,3]; [4,4]; [5,5]; [6,6]; [7,7]; [8,8]; [9,9]; [25,25]; [26,26]; [27,27]; [28,28]; >",16002735,90,
1mcTU81TzQhprhouKaTkpq,Rauw Alejandro,"puerto rican pop,trap latino","<[0, 0,4192362]; [1, 1,4203442]; [2, 2,4213582]; [3, 3,4225637]; [4, 4,4237901]; [5, 5,4249022]; [6, 6,4259302]; [7, 7,4271603]; [8, 8,4281868]; [9, 9,4292730]; [10, 10,4302746]; [11, 11,4310798]; [12, 12,4319183]; [13, 13,4328321]; [14, 14,4337465]; [15, 15,4347130]; [16, 16,4356598]; [17, 17,4366965]; [18, 18,4375407]; [19, 19,4384242]; [20, 20,4392674]; [21, 21,4402088]; [22, 22,4411362]; [23, 23,4420657]; [24, 24,4429225]; [25, 25,4438013]; [26, 26,4446193]; [27, 27,4455103]; [28, 28,4464489]; >","<[0, 0,94]; [1, 1,94]; [2, 2,94]; [3, 3,94]; [4, 4,94]; [5, 5,94]; [6, 6,94]; [7, 7,94]; [8, 8,94]; [9, 9,94]; [10, 10,94]; [11, 11,94]; [12, 12,94]; [13, 13,94]; [14, 14,94]; [15, 15,93]; [16, 16,93]; [17, 17,93]; [18, 18,93]; [19, 19,93]; [20, 20,93]; [21, 21,93]; [22, 22,93]; [23, 23,93]; [24, 24,93]; [25, 25,93]; [26, 26,93]; [27, 27,93]; [28, 28,93]; >","<[0,0]; [1,1]; [2,2]; [3,3]; [4,4]; [5,5]; [6,6]; [7,7]; [8,8]; [9,9]; [10,10]; [11,11]; [12,12]; [13,13]; [14,14]; [15,15]; [16,16]; [17,17]; [18,18]; [19,19]; [20,20]; [21,21]; [22,22]; [23,23]; [24,24]; [25,25]; [26,26]; [27,27]; [28,28]; >",4464489,93,
45dkTj5sMRSjrmBSBeiHym,Tate McRae,"alt z,dance pop,electropop,pop,post-teen pop","<[0, 0,1307626]; [1, 1,1310647]; [2, 2,1313659]; [5, 5,1324538]; [6, 6,1327724]; [7, 7,1330570]; [8, 8,1333828]; >","<[0, 0,85]; [1, 1,85]; [2, 2,85]; [5, 5,85]; [6, 6,85]; [7, 7,84]; [8, 8,84]; >","<[0,0]; [1,1]; [2,2]; [5,5]; [6,6]; [7,7]; [8,8]; >",1333828,84,
2NfSBtmWe7oPw1EmetJVso,Boza,"","<[0, 0,212378]; [1, 1,212808]; [2, 2,213167]; [3, 3,213554]; [4, 4,213900]; [5, 5,214234]; [6, 6,214592]; [7, 7,214951]; [8, 8,215240]; [9, 9,215566]; [10, 10,215837]; [12, 12,216433]; [13, 13,216746]; [14, 14,217141]; [15, 15,217460]; [16, 16,217831]; [22, 22,221991]; [23, 23,222565]; [25, 25,224299]; [26, 26,224908]; [27, 27,225538]; [28, 28,226267]; >","<[0, 0,80]; [1, 1,80]; [2, 2,80]; [3, 3,80]; [4, 4,80]; [5, 5,80]; [6, 6,80]; [7, 7,80]; [8, 8,80]; [9, 9,79]; [10, 10,79]; [12, 12,79]; [13, 13,79]; [14, 14,79]; [15, 15,79]; [16, 16,79]; [22, 22,78]; [23, 23,78]; [25, 25,78]; [26, 26,78]; [27, 27,78]; [28, 28,78]; >","<[0,0]; [1,1]; [2,2]; [3,3]; [4,4]; [5,5]; [6,6]; [7,7]; [8,8]; [9,9]; [10,10]; [12,12]; [13,13]; [14,14]; [15,15]; [16,16]; [22,22]; [23,23]; [25,25]; [26,26]; [27,27]; [28,28]; >",226267,78,
6MPCFvOQv5cIGfw3jODMF0,Internet Money,"pop rap,rap,trap","<[1, 1,249446]; [2, 2,250058]; [3, 3,251680]; [4, 4,252743]; [5, 5,253604]; [6, 6,254466]; [7, 7,255576]; [8, 8,256645]; [9, 9,257924]; [10, 10,259352]; [11, 11,260657]; [12, 12,261689]; [13, 13,262758]; [14, 14,264025]; [15, 15,265294]; [16, 16,266467]; [20, 20,271606]; [21, 21,272708]; [22, 22,273703]; [23, 23,274648]; [25, 25,277005]; [26, 26,278137]; [27, 27,279344]; [28, 28,280662]; >","<[1, 1,84]; [2, 2,84]; [3, 3,84]; [4, 4,84]; [5, 5,84]; [6, 6,84]; [7, 7,83]; [8, 8,83]; [9, 9,83]; [10, 10,83]; [11, 11,83]; [12, 12,83]; [13, 13,83]; [14, 14,83]; [15, 15,83]; [16, 16,83]; [20, 20,83]; [21, 21,83]; [22, 22,83]; [23, 23,83]; [25, 25,83]; [26, 26,83]; [27, 27,83]; [28, 28,83]; >","<[1,1]; [2,2]; [3,3]; [4,4]; [5,5]; [6,6]; [7,7]; [8,8]; [9,9]; [10,10]; [11,11]; [12,12]; [13,13]; [14,14]; [15,15]; [16,16]; [20,20]; [21,21]; [22,22]; [23,23]; [25,25]; [26,26]; [27,27]; [28,28]; >",280662,83,
2hlmm7s2ICUX0LVIhVFlZQ,Gunna,"atl hip hop,melodic rap,rap,trap","<[1, 1,3003894]; [2, 2,3006992]; [3, 3,3010111]; [4, 4,3012991]; [5, 5,3015466]; [6, 6,3018378]; [7, 7,3020970]; [8, 8,3023725]; [9, 9,3026526]; [10, 10,3029363]; [11, 11,3032026]; [12, 12,3034436]; [13, 13,3036833]; [14, 14,3039289]; [15, 15,3041613]; [16, 16,3043955]; [20, 20,3053146]; [21, 21,3055351]; [22, 22,3057685]; [23, 23,3059806]; [24, 24,3063600]; [25, 25,3066286]; [26, 26,3068619]; [27, 27,3071007]; [28, 28,3073197]; >","<[1, 1,91]; [2, 2,91]; [3, 3,91]; [4, 4,91]; [5, 5,90]; [6, 6,90]; [7, 7,90]; [8, 8,90]; [9, 9,90]; [10, 10,90]; [11, 11,90]; [12, 12,90]; [13, 13,90]; [14, 14,90]; [15, 15,89]; [16, 16,89]; [20, 20,89]; [21, 21,89]; [22, 22,89]; [23, 23,89]; [24, 24,89]; [25, 25,90]; [26, 26,90]; [27, 27,90]; [28, 28,90]; >","<[1,1]; [2,2]; [3,3]; [4,4]; [5,5]; [6,6]; [7,7]; [8,8]; [9,9]; [10,10]; [11,11]; [12,12]; [13,13]; [14,14]; [15,15]; [16,16]; [20,20]; [21,21]; [22,22]; [23,23]; [24,24]; [25,25]; [26,26]; [27,27]; [28,28]; >",3073197,90,
4Gso3d4CscCijv0lmajZWs,Don Toliver,"rap,trap","<[1, 1,1342830]; [2, 2,1344982]; [3, 3,1347301]; [4, 4,1349341]; [5, 5,1351293]; [6, 6,1353546]; [7, 7,1355397]; [8, 8,1357464]; [9, 9,1359466]; [10, 10,1361469]; [11, 11,1363293]; [12, 12,1365138]; [13, 13,1366992]; [14, 14,1368783]; [15, 15,1370517]; [16, 16,1372222]; [20, 20,1379324]; [21, 21,1380966]; [22, 22,1382768]; [23, 23,1384613]; [25, 25,1388639]; [26, 26,1390277]; [27, 27,1391963]; [28, 28,1393535]; >","<[1, 1,86]; [2, 2,86]; [3, 3,86]; [4, 4,86]; [5, 5,86]; [6, 6,86]; [7, 7,86]; [8, 8,85]; [9, 9,85]; [10, 10,85]; [11, 11,85]; [12, 12,85]; [13, 13,85]; [14, 14,85]; [15, 15,85]; [16, 16,85]; [20, 20,85]; [21, 21,85]; [22, 22,85]; [23, 23,85]; [25, 25,85]; [26, 26,85]; [27, 27,85]; [28, 28,85]; >","<[1,1]; [2,2]; [3,3]; [4,4]; [5,5]; [6,6]; [7,7]; [8,8]; [9,9]; [10,10]; [11,11]; [12,12]; [13,13]; [14,14]; [15,15]; [16,16]; [20,20]; [21,21]; [22,22]; [23,23]; [25,25]; [26,26]; [27,27]; [28,28]; >",1393535,85,
7rkW85dBwwrJtlHRDkJDAC,NAV,"canadian hip hop,melodic rap,pop rap,rap,toronto rap,trap","<[1, 1,2424027]; [2, 2,2425622]; [3, 3,2427417]; [4, 4,2429209]; [5, 5,2430562]; [6, 6,2432021]; [7, 7,2433429]; [8, 8,2434919]; [9, 9,2436191]; [10, 10,2437523]; [11, 11,2438978]; [12, 12,2440083]; [13, 13,2441307]; [14, 14,2442539]; [15, 15,2443852]; [16, 16,2445159]; [20, 20,2449878]; [21, 21,2451159]; [22, 22,2452405]; [23, 23,2453610]; [25, 25,2456449]; [26, 26,2457582]; [27, 27,2458760]; [28, 28,2459839]; >","<[1, 1,86]; [2, 2,86]; [3, 3,86]; [4, 4,85]; [5, 5,85]; [6, 6,85]; [7, 7,85]; [8, 8,85]; [9, 9,85]; [10, 10,85]; [11, 11,85]; [12, 12,85]; [13, 13,85]; [14, 14,84]; [15, 15,84]; [16, 16,84]; [20, 20,84]; [21, 21,84]; [22, 22,84]; [23, 23,84]; [25, 25,84]; [26, 26,84]; [27, 27,84]; [28, 28,84]; >","<[1,1]; [2,2]; [3,3]; [4,4]; [5,5]; [6,6]; [7,7]; [8,8]; [9,9]; [10,10]; [11,11]; [12,12]; [13,13]; [14,14]; [15,15]; [16,16]; [20,20]; [21,21]; [22,22]; [23,23]; [25,25]; [26,26]; [27,27]; [28,28]; >",2459839,84,
7uMh23xWiuR7zsNkuNcm2G,MNEK,"pop dance,tropical house,uk contemporary r&b,uk dance","<[2, 2,241963]; [3, 3,242078]; [4, 4,242168]; [6, 6,242366]; [7, 7,242457]; [8, 8,242541]; [9, 9,242628]; [10, 10,242741]; [11, 11,242853]; [20, 20,243632]; [21, 21,243722]; [22, 22,243807]; [23, 23,243891]; [24, 24,243989]; [25, 25,244106]; [26, 26,244193]; [27, 27,244267]; [28, 28,244347]; >","<[2, 2,81]; [3, 3,81]; [4, 4,81]; [6, 6,81]; [7, 7,80]; [8, 8,80]; [9, 9,80]; [10, 10,80]; [11, 11,80]; [20, 20,80]; [21, 21,79]; [22, 22,79]; [23, 23,79]; [24, 24,79]; [25, 25,80]; [26, 26,80]; [27, 27,80]; [28, 28,80]; >","<[2,2]; [3,3]; [4,4]; [6,6]; [7,7]; [8,8]; [9,9]; [10,10]; [11,11]; [20,20]; [21,21]; [22,22]; [23,23]; [24,24]; [25,25]; [26,26]; [27,27]; [28,28]; >",244347,80,
6DgP9otnZw5z6daOntINxp,Joel Corry,"dance pop,house,pop dance,tropical house,uk dance","<[2, 2,169020]; [3, 3,168945]; [4, 4,169146]; [6, 6,168878]; [7, 7,168806]; [8, 8,168828]; [9, 9,168775]; [10, 10,169180]; [11, 11,169586]; [20, 20,172643]; [21, 21,172931]; [22, 22,173217]; [23, 23,173498]; [24, 24,173829]; [25, 25,174167]; [26, 26,174492]; [27, 27,174792]; [28, 28,175165]; >","<[2, 2,83]; [3, 3,83]; [4, 4,83]; [6, 6,83]; [7, 7,83]; [8, 8,83]; [9, 9,83]; [10, 10,83]; [11, 11,83]; [20, 20,83]; [21, 21,83]; [22, 22,83]; [23, 23,83]; [24, 24,83]; [25, 25,83]; [26, 26,83]; [27, 27,83]; [28, 28,83]; >","<[2,2]; [3,3]; [4,4]; [6,6]; [7,7]; [8,8]; [9,9]; [10,10]; [11,11]; [20,20]; [21,21]; [22,22]; [23,23]; [24,24]; [25,25]; [26,26]; [27,27]; [28,28]; >",175165,83,
6WY7D3jk8zTrHtmkqqo5GI,Maren Morris,"contemporary country,pop,texas country","<[3, 3,565637]; [4, 4,565997]; [17, 17,569364]; [18, 18,569607]; >","<[3, 3,80]; [4, 4,80]; [17, 17,81]; [18, 18,81]; >","<[3,3]; [4,4]; [17,17]; [18,18]; >",569607,81,
06HL4z0CvFAxyc27GXpf02,Taylor Swift,"pop,pop dance","<[3, 3,38127070]; [4, 4,38167131]; [15, 15,38455481]; [16, 16,38496936]; [17, 17,38557975]; [18, 18,38605478]; [19, 19,38647874]; [20, 20,38682971]; [21, 21,38718428]; [22, 22,38757337]; [23, 23,38797245]; [24, 24,38839504]; >","<[3, 3,98]; [4, 4,98]; [15, 15,97]; [16, 16,97]; [17, 17,97]; [18, 18,97]; [19, 19,98]; [20, 20,98]; [21, 21,98]; [22, 22,98]; [23, 23,98]; [24, 24,98]; >","<[3,3]; [4,4]; [15,15]; [16,16]; [17,17]; [18,18]; [19,19]; [20,20]; [21,21]; [22,22]; [23,23]; [24,24]; >",38839504,98,
7jVv8c5Fj3E9VhNjxT4snq,Lil Nas X,"country rap,lgbtq+ hip hop,pop rap,queer country","<[3, 3,4236430]; [4, 4,4256297]; [5, 5,4275296]; [6, 6,4297745]; [7, 7,4319773]; [8, 8,4342174]; [9, 9,4362274]; [10, 10,4381568]; [11, 11,4397476]; [12, 12,4412677]; [13, 13,4427386]; [14, 14,4442633]; [15, 15,4457047]; [16, 16,4469486]; [17, 17,4482890]; [18, 18,4494717]; [19, 19,4504691]; [20, 20,4514566]; [21, 21,4530793]; [22, 22,4544008]; [23, 23,4553324]; [24, 24,4562300]; [25, 25,4571323]; [26, 26,4579615]; [27, 27,4587823]; [28, 28,4595513]; >","<[3, 3,82]; [4, 4,82]; [5, 5,82]; [6, 6,83]; [7, 7,83]; [8, 8,84]; [9, 9,85]; [10, 10,86]; [11, 11,86]; [12, 12,86]; [13, 13,87]; [14, 14,87]; [15, 15,87]; [16, 16,88]; [17, 17,88]; [18, 18,88]; [19, 19,89]; [20, 20,89]; [21, 21,89]; [22, 22,89]; [23, 23,89]; [24, 24,89]; [25, 25,90]; [26, 26,90]; [27, 27,90]; [28, 28,90]; >","<[3,3]; [4,4]; [5,5]; [6,6]; [7,7]; [8,8]; [9,9]; [10,10]; [11,11]; [12,12]; [13,13]; [14,14]; [15,15]; [16,16]; [17,17]; [18,18]; [19,19]; [20,20]; [21,21]; [22,22]; [23,23]; [24,24]; [25,25]; [26,26]; [27,27]; [28,28]; >",4595513,90,
41QLxRXlc2NwfJZkHGHKid,Israel & Rodolffo,"sertanejo,sertanejo pop,sertanejo universitario","<[4, 4,830847]; [5, 5,832670]; [11, 11,844609]; [12, 12,846325]; [19, 19,874814]; [25, 25,893376]; [26, 26,896276]; >","<[4, 4,79]; [5, 5,80]; [11, 11,79]; [12, 12,80]; [19, 19,80]; [25, 25,80]; [26, 26,81]; >","<[4,4]; [5,5]; [11,11]; [12,12]; [19,19]; [25,25]; [26,26]; >",896276,81,
181bsRPaVXVlUKXrxwZfHK,Megan Thee Stallion,"houston rap,pop,pop rap,trap queen","<[5, 5,3774813]; [6, 6,3783967]; [7, 7,3793297]; [8, 8,3802906]; [9, 9,3812217]; [10, 10,3822833]; [11, 11,3832275]; [12, 12,3840396]; [13, 13,3848808]; [14, 14,3857219]; [15, 15,3865584]; [16, 16,3874223]; [19, 19,3899686]; [20, 20,3907615]; [21, 21,3915549]; [22, 22,3923595]; [23, 23,3931381]; [24, 24,3940215]; [25, 25,3948574]; [26, 26,3956309]; [27, 27,3963838]; [28, 28,3970975]; >","<[5, 5,89]; [6, 6,89]; [7, 7,89]; [8, 8,89]; [9, 9,89]; [10, 10,89]; [11, 11,89]; [12, 12,89]; [13, 13,89]; [14, 14,89]; [15, 15,89]; [16, 16,89]; [19, 19,88]; [20, 20,88]; [21, 21,88]; [22, 22,88]; [23, 23,88]; [24, 24,88]; [25, 25,88]; [26, 26,88]; [27, 27,88]; [28, 28,88]; >","<[5,5]; [6,6]; [7,7]; [8,8]; [9,9]; [10,10]; [11,11]; [12,12]; [13,13]; [14,14]; [15,15]; [16,16]; [19,19]; [20,20]; [21,21]; [22,22]; [23,23]; [24,24]; [25,25]; [26,26]; [27,27]; [28,28]; >",3970975,88,
04gDigrS5kc9YWfZHwBETP,Maroon 5,"pop,pop rock","<[5, 5,30027996]; [6, 6,30039367]; [7, 7,30052338]; [8, 8,30064760]; [9, 9,30077723]; [10, 10,30091146]; [11, 11,30103933]; [12, 12,30116753]; [13, 13,30128525]; [14, 14,30140570]; [15, 15,30152961]; [16, 16,30165219]; [19, 19,30205171]; [20, 20,30216995]; [21, 21,30228729]; [22, 22,30242584]; [23, 23,30257673]; [24, 24,30273833]; [25, 25,30291109]; [26, 26,30307916]; [27, 27,30323494]; [28, 28,30339533]; >","<[5, 5,91]; [6, 6,91]; [7, 7,91]; [8, 8,91]; [9, 9,91]; [10, 10,91]; [11, 11,91]; [12, 12,91]; [13, 13,91]; [14, 14,91]; [15, 15,90]; [16, 16,90]; [19, 19,90]; [20, 20,90]; [21, 21,90]; [22, 22,90]; [23, 23,91]; [24, 24,91]; [25, 25,91]; [26, 26,91]; [27, 27,91]; [28, 28,91]; >","<[5,5]; [6,6]; [7,7]; [8,8]; [9,9]; [10,10]; [11,11]; [12,12]; [13,13]; [14,14]; [15,15]; [16,16]; [19,19]; [20,20]; [21,21]; [22,22]; [23,23]; [24,24]; [25,25]; [26,26]; [27,27]; [28,28]; >",30339533,91,
6S2OmqARrzebs0tKUEyXyp,Demi Lovato,"dance pop,pop,post-teen pop","<[10, 10,19397124]; [11, 11,19409161]; [12, 12,19419167]; [13, 13,19429380]; [14, 14,19439112]; [15, 15,19449332]; [16, 16,19459770]; [17, 17,19470352]; [18, 18,19480631]; [19, 19,19490095]; [20, 20,19499147]; [21, 21,19507887]; [22, 22,19516880]; [23, 23,19525794]; >","<[10, 10,87]; [11, 11,88]; [12, 12,88]; [13, 13,88]; [14, 14,88]; [15, 15,88]; [16, 16,88]; [17, 17,89]; [18, 18,89]; [19, 19,89]; [20, 20,89]; [21, 21,89]; [22, 22,89]; [23, 23,89]; >","<[10,10]; [11,11]; [12,12]; [13,13]; [14,14]; [15,15]; [16,16]; [17,17]; [18,18]; [19,19]; [20,20]; [21,21]; [22,22]; [23,23]; >",19525794,89,
6cK3NBO6uP7hh0oyuVELFl,Saweetie,"cali rap,dance pop,pop,pop rap,post-teen pop,trap queen","<[12, 12,1063013]; [13, 13,1064708]; [14, 14,1066417]; [15, 15,1068108]; [16, 16,1069834]; [19, 19,1075178]; [20, 20,1076820]; [21, 21,1078388]; [22, 22,1080090]; [23, 23,1081788]; [24, 24,1084694]; [25, 25,1086864]; [26, 26,1088952]; [27, 27,1091048]; [28, 28,1093356]; >","<[12, 12,82]; [13, 13,82]; [14, 14,82]; [15, 15,82]; [16, 16,82]; [19, 19,82]; [20, 20,82]; [21, 21,82]; [22, 22,82]; [23, 23,82]; [24, 24,82]; [25, 25,82]; [26, 26,82]; [27, 27,82]; [28, 28,82]; >","<[12,12]; [13,13]; [14,14]; [15,15]; [16,16]; [19,19]; [20,20]; [21,21]; [22,22]; [23,23]; [24,24]; [25,25]; [26,26]; [27,27]; [28,28]; >",1093356,82,
6AgTAQt8XS6jRWi4sX7w49,Polo G,"chicago rap","<[17, 17,3580026]; [18, 18,3592807]; [19, 19,3604086]; [20, 20,3614919]; [21, 21,3625239]; [22, 22,3636612]; [23, 23,3646022]; [24, 24,3657199]; [25, 25,3667540]; [26, 26,3676488]; [27, 27,3685413]; [28, 28,3695130]; >","<[17, 17,90]; [18, 18,90]; [19, 19,90]; [20, 20,91]; [21, 21,91]; [22, 22,91]; [23, 23,91]; [24, 24,91]; [25, 25,91]; [26, 26,91]; [27, 27,92]; [28, 28,92]; >","<[17,17]; [18,18]; [19,19]; [20,20]; [21,21]; [22,22]; [23,23]; [24,24]; [25,25]; [26,26]; [27,27]; [28,28]; >",3695130,92,
6aZyMrc4doVtZyKNilOmwu,Colbie Caillat,"acoustic pop,dance pop,neo mellow,pop,pop rock,post-teen pop,viral pop","<[17, 17,2077813]; [18, 18,2078598]; >","<[17, 17,73]; [18, 18,73]; >","<[17,17]; [18,18]; >",2078598,73,
3YQKmKGau1PzlVlkL1iodx,Twenty One Pilots,"modern rock,rock","<[17, 17,20052624]; [18, 18,20061099]; [20, 20,20076772]; >","<[17, 17,86]; [18, 18,86]; [20, 20,86]; >","<[17,17]; [18,18]; [20,20]; >",20076772,86,
1HwM5zlC5qNWhJtM00yXzG,DMX,"east coast hip hop,gangster rap,hardcore hip hop,hip hop,pop rap,rap,southern hip hop","<[17, 17,2591450]; [18, 18,2632696]; [19, 19,2651435]; >","<[17, 17,75]; [18, 18,75]; [19, 19,81]; >","<[17,17]; [18,18]; [19,19]; >",2651435,81,
1WgXqy2Dd70QQOU7Ay074N,AURORA,"art pop,norwegian pop","<[20, 20,1281065]; [21, 21,1286226]; [22, 22,1291274]; [23, 23,1296724]; [24, 24,1302498]; [25, 25,1308128]; [26, 26,1314135]; [27, 27,1319988]; [28, 28,1326457]; >","<[20, 20,78]; [21, 21,78]; [22, 22,78]; [23, 23,79]; [24, 24,79]; [25, 25,79]; [26, 26,79]; [27, 27,80]; [28, 28,80]; >","<[20,20]; [21,21]; [22,22]; [23,23]; [24,24]; [25,25]; [26,26]; [27,27]; [28,28]; >",1326457,80,
1xr2G8Hlx4QWmT9HaUbmoO,Young Stoner Life,"","<[24, 24,27651]; [25, 25,30017]; [26, 26,31559]; [27, 27,32903]; [28, 28,34115]; >","<[24, 24,67]; [25, 25,76]; [26, 26,79]; [27, 27,80]; [28, 28,80]; >","<[24,24]; [25,25]; [26,26]; [27,27]; [28,28]; >",34115,80,
50co4Is1HCEo8bhOyUWKpn,Young Thug,"atl hip hop,atl trap,gangster rap,hip hop,melodic rap,pop rap,rap,trap","<[24, 24,6099250]; [25, 25,6104218]; [26, 26,6107701]; [27, 27,6110874]; [28, 28,6113984]; >","<[24, 24,90]; [25, 25,91]; [26, 26,91]; [27, 27,91]; [28, 28,91]; >","<[24,24]; [25,25]; [26,26]; [27,27]; [28,28]; >",6113984,91,
2oT7xd9iTO2ejLsNGIMa5f,Flow La Movie,"reggaeton,trap latino","<[24, 24,3667]; [25, 25,3683]; [26, 26,3706]; [27, 27,3739]; [28, 28,3761]; >","<[24, 24,77]; [25, 25,78]; [26, 26,78]; [27, 27,78]; [28, 28,78]; >","<[24,24]; [25,25]; [26,26]; [27,27]; [28,28]; >",3761,78,
5hdhHgpxyniooUiQVaPxQ0,Nio Garcia,"latin,reggaeton,trap latino,tropical","<[24, 24,1719839]; [25, 25,1721820]; [26, 26,1723872]; [27, 27,1726002]; [28, 28,1728588]; >","<[24, 24,84]; [25, 25,85]; [26, 26,85]; [27, 27,85]; [28, 28,85]; >","<[24,24]; [25,25]; [26,26]; [27,27]; [28,28]; >",1728588,85,
0KKUc4amZyvswV2YL6WTar,Mariah Angeliq,"latin pop,rap latina,trap latino","<[25, 25,84704]; [26, 26,85038]; [27, 27,85395]; [28, 28,85772]; >","<[25, 25,75]; [26, 26,75]; [27, 27,75]; [28, 28,75]; >","<[25,25]; [26,26]; [27,27]; [28,28]; >",85772,75,
